#id;name;class;collision_radius;collision_height
1000001;gremlin;Monster;10.0;15.0;
1000002;rabbit;Monster;5.0;3.8;
1000003;goblin;Monster;10.0;15.0;
1000004;imp;Monster;10.0;24.0;
1000005;imp_ribe;Monster;10.0;24.0;
1000006;orc_archer;Monster;14.0;25.0;
1000007;forest_walking_fungus;Monster;15.0;23.0;
1000008;felim_lizardman;Monster;10.0;23.0;
1000009;vuku_orc;Monster;12.0;21.0;
1000010;felim_lizardman_scout;Monster;10.0;23.0;
1000011;vuku_orc_archer;Monster;14.0;25.0;
1000012;les_werewolf;Monster;14.0;23.5;
1000013;dryad;Monster;9.0;20.0;
1000014;felim_lizardman_warrior;Monster;12.0;30.0;
1000015;marsh_zombie;Monster;13.0;21.0;
1000016;stone_golem;Monster;20.0;31.0;
1000017;vuku_orc_fighter;Monster;12.0;22.0;
1000018;devourer_fungus;Monster;15.0;23.0;
1000019;dryad_ribe;Monster;9.0;20.0;
1000020;marsh_zombie_pointer;Monster;13.0;21.0;
1000021;red_bear;Monster;14.0;40.0;
1000022;thrill_sucker;Monster;11.0;25.0;
1000023;black_leopard;Monster;14.0;14.5;
1000024;langk_lizardman_warrior;Monster;12.0;30.0;
1000025;lesser_dark_horror;Monster;20.0;35.0;
1000026;ruin_zombie;Monster;13.0;21.0;
1000027;langk_lizardman_scout;Monster;10.0;23.0;
1000028;pinrul_roader;Monster;26.0;25.5;
1000029;ruin_zombie_leader;Monster;13.0;21.0;
1000030;langk_lizardman;Monster;10.0;23.0;
1000031;onyx_beast;Monster;14.0;14.5;
1000032;pinrul;Monster;26.0;25.5;
1000033;shade_horror;Monster;20.0;35.0;
1000034;stopper;Monster;26.0;25.5;
1000035;tracker_skeleton;Monster;11.0;25.0;
1000036;lirein;Monster;11.0;35.0;
1000037;mana_vampire;Monster;11.0;20.0;
1000038;poison_spider;Monster;27.0;25.5;
1000039;scavenger_wererat;Monster;14.0;25.0;
1000040;sukar_wererat;Monster;14.0;25.0;
1000041;tainted_zombie;Monster;13.0;21.0;
1000042;tracker_skeleton_leader;Monster;11.0;25.0;
1000043;bind_poison_spider;Monster;27.0;25.5;
1000044;lirein_ribe;Monster;11.0;35.0;
1000045;scout_skeleton;Monster;11.0;27.0;
1000046;stink_zombie;Monster;13.0;21.0;
1000047;sukar_wererat_leader;Monster;14.0;25.0;
1000048;least_succubus;Monster;10.0;36.0;
1000049;lycanthrope;Monster;14.0;23.5;
1000050;poison_predator;Monster;27.0;25.5;
1000051;sniper_skeleton;Monster;11.0;27.0;
1000052;least_succubus_turen;Monster;10.0;36.0;
1000053;ol_mahum_patrol;Monster;14.0;25.0;
1000054;ruin_spartoi;Monster;11.0;25.0;
1000055;seer;Monster;21.0;43.0;
1000056;dre_vanul_disposer;Monster;14.0;36.0;
1000057;least_succubus_tilfo;Monster;10.0;36.0;
1000058;ol_mahum_guard;Monster;13.5;25.0;
1000059;patoller;Monster;21.0;43.0;
1000060;raging_spartoi;Monster;11.0;25.0;
1000061;ol_mahum_remnants;Monster;13.5;25.0;
1000062;tumran_bugbear;Monster;17.0;35.0;
1000063;ol_mahum_shooter;Monster;14.0;25.0;
1000064;tumran_bugbear_warrior;Monster;17.0;35.0;
1000065;ol_mahum_scout;Monster;13.5;25.0;
1000066;ol_mahum_captain;Monster;14.0;27.0;
1000067;viewer;Monster;21.0;43.0;
1000068;beamer;Monster;21.0;43.0;
1000069;selu_lizardman_scout;Monster;10.0;23.0;
1000070;lesser_basilisk;Monster;34.0;25.0;
1000071;selu_lizardman_warrior;Monster;12.0;30.0;
1000072;lesser_poison_basilisk;Monster;34.0;25.0;
1000073;ol_mahum_legion;Monster;13.5;25.0;
1000074;androscorpio;Monster;14.0;14.5;
1000075;ant_larva;Monster;8.0;12.0;
1000076;ol_mahum_commander;Monster;14.0;27.0;
1000077;androscorpio_hunter;Monster;14.0;14.5;
1000078;whispering_wind;Monster;11.0;35.0;
1000079;ant;Monster;26.0;15.0;
1000080;ant_captain;Monster;26.0;15.0;
1000081;ant_overseer;Monster;26.0;15.0;
1000082;ant_recruit;Monster;35.0;17.0;
1000083;granitic_golem;Monster;20.0;31.0;
1000084;ant_patrol;Monster;35.0;17.0;
1000085;puncher;Monster;20.0;31.0;
1000086;ant_guard;Monster;35.0;17.0;
1000087;ant_soldier;Monster;35.0;17.0;
1000088;ant_warrior_captain;Monster;35.0;17.0;
1000089;noble_ant;Monster;20.0;48.0;
1000090;noble_ant_leader;Monster;20.0;48.0;
1000091;young_fox;Monster;9.5;10.0;
1000092;monster_eye;Monster;21.0;43.0;
1000093;orc_fighter;Monster;12.0;22.0;
1000094;orc_sniper;Monster;14.0;25.0;
1000095;vampire_bat;Monster;10.0;33.5;
1000096;orc_fighter_sub_leader;Monster;12.0;22.0;
1000097;sucker;Monster;10.0;33.5;
1000098;orc_fighter_leader;Monster;12.0;22.0;
1000099;skeleton;Monster;11.0;25.0;
1000100;skeleton_archer;Monster;11.0;27.0;
1000101;crasher;Monster;20.0;31.0;
1000102;skeleton_sniper;Monster;11.0;27.0;
1000103;giant_spider;Monster;26.0;25.5;
1000104;skeleton_pointer;Monster;11.0;25.0;
1000105;dark_horror;Monster;20.0;35.0;
1000106;poker;Monster;26.0;25.5;
1000107;wererat;Monster;14.0;25.0;
1000108;blader;Monster;26.0;25.5;
1000109;salamander;Monster;16.0;6.7;
1000110;undine;Monster;12.0;27.0;
1000111;wererat_sub_leader;Monster;14.0;25.0;
1000112;salamander_ribe;Monster;16.0;6.7;
1000113;undine_ribe;Monster;12.0;27.0;
1000114;salamander_ybar;Monster;16.0;6.7;
1000115;undine_ybar;Monster;12.0;27.0;
1000116;fox;Monster;9.5;10.0;
1000117;dre_vanul;Monster;14.0;36.0;
1000118;dre_vanul_scouter;Monster;14.0;36.0;
1000119;elder_fox;Monster;9.5;10.0;
1000120;wolf;Monster;13.0;9.0;
1000121;giant_toad;Monster;20.0;10.0;
1000122;_aracne;Monster;15.0;26.0;
1000123;_bloody_pixy;Monster;15.0;26.0;
1000124;_dark_pan;Monster;15.0;26.0;
1000125;_pan;Monster;15.0;26.0;
1000126;_pixy;Monster;15.0;26.0;
1000127;_red_aracne;Monster;15.0;26.0;
1000128;_ti_mi_riran;Monster;15.0;26.0;
1000129;_ti_mi_tran;Monster;15.0;26.0;
1000130;orc;Monster;12.0;21.0;
1000131;orc_grunt;Monster;12.0;21.0;
1000132;werewolf;Monster;14.0;23.5;
1000133;bugbear;Monster;17.0;35.0;
1000134;cave_maiden;Monster;25.0;65.0;
1000135;crocodile;Monster;28.0;12.0;
1000136;death_knight;Monster;14.0;29.0;
1000137;drake;Monster;35.0;68.0;
1000138;gargoyle;Monster;16.0;50.0;
1000139;giant_bee;Monster;8.0;25.0;
1000140;giant_leech;Monster;70.0;29.0;
1000141;giant_wild_hog;Monster;35.0;27.0;
1000142;griffin;Monster;21.0;44.0;
1000143;grizzly;Monster;14.0;40.0;
1000144;hanged_man_ripper;Monster;35.0;80.0;
1000145;harpy;Monster;10.0;42.0;
1000146;headless_knight;Monster;21.0;31.0;
1000147;hobgoblin;Monster;12.0;24.0;
1000148;hungry_spirit;Monster;21.0;40.0;
1000149;iron_golem;Monster;18.0;32.0;
1000150;king_bugbear;Monster;15.0;40.0;
1000151;kobold;Monster;10.0;15.0;
1000152;lizardman;Monster;10.0;23.0;
1000153;magical_weaver;Monster;11.0;20.0;
1000154;manadragora;Monster;14.0;19.0;
1000155;mandragora_a;Monster;15.0;26.0;
1000156;mandragora_b;Monster;12.0;26.0;
1000157;marsh_stakato;Monster;10.0;20.0;
1000158;medusa;Monster;14.0;25.0;
1000159;minotaur;Monster;21.0;45.5;
1000160;neer_crawler;Monster;14.0;22.0;
1000161;oel_mahum;Monster;20.0;40.0;
1000162;ogre;Monster;21.0;40.0;
1000163;ol_mahum;Monster;13.5;25.0;
1000164;ol_mahum_archer;Monster;14.0;25.0;
1000165;ol_mahum_champion;Monster;14.0;27.0;
1000166;succubus;Monster;10.0;36.0;
1000167;serpent_slave;Monster;17.0;46.0;
1000168;silenos;Monster;14.0;33.0;
1000169;skeleton_royal_guard;Monster;11.0;29.0;
1000170;spartoi;Monster;11.0;25.0;
1000171;specter;Monster;20.0;35.0;
1000172;sylph;Monster;11.0;35.0;
1000173;troll;Monster;21.0;35.0;
1000174;twin_headed_giant;Monster;14.0;37.0;
1000175;walking_fungus;Monster;15.0;23.0;
1000176;wyrm;Monster;29.0;72.0;
1000177;zombie;Monster;13.0;21.0;
1000178;_skeleton_knight;Monster;14.0;14.5;
1000179;_lichking_nassen;Monster;14.0;14.5;
1000180;_greater_stone_golem;Monster;14.0;14.5;
1000181;_grace_unicorn;Monster;14.0;14.5;
1000182;_grace_dryad;Monster;14.0;14.5;
1000183;_hellfire_salamander;Monster;14.0;14.5;
1000184;_clearwind_sylph;Monster;14.0;14.5;
1000185;_maelstrom_undine;Monster;14.0;14.5;
1000186;_greater_dre_vanul;Monster;14.0;14.5;
1000187;_voiceless_knight;Monster;14.0;14.5;
1000188;_stopper;Monster;14.0;14.5;
1000189;crystal_puma;Monster;14.0;14.5;
1000190;skeleton_rapid_shooter;Monster;11.0;27.0;
1000191;skeleton_raider;Monster;11.0;25.0;
1000192;tyrant;Monster;15.0;29.0;
1000193;tyrant_kingpin;Monster;15.0;29.0;
1000194;queen_undine;Monster;12.0;27.0;
1000195;_pixy_murika;Monster;12.0;27.0;
1000196;_bri_mec_tran;Monster;12.0;27.0;
1000197;lemures;Monster;11.0;35.0;
1000198;neer_crawler_frak;Monster;14.0;22.0;
1000199;amber_basilisk;Monster;34.0;25.0;
1000200;strain;Monster;21.0;40.0;
1000201;ghoul;Monster;13.0;21.0;
1000202;dead_seeker;Monster;10.0;33.5;
1000203;dion_grizzly;Monster;14.0;40.0;
1000204;bloody_bee;Monster;8.0;25.0;
1000205;dire_wolf;Monster;15.0;15.0;
1000206;kadif_werewolf;Monster;14.0;23.5;
1000207;ol_mahum_guerilla;Monster;13.5;25.0;
1000208;ol_mahum_raider;Monster;13.5;25.0;
1000209;ol_mahum_sniper;Monster;14.0;25.0;
1000210;ol_mahum_sergeant;Monster;13.5;25.0;
1000211;ol_mahum_chief_leader;Monster;14.0;27.0;
1000212;turmak;Monster;14.0;27.0;
1000213;porta;Monster;20.0;31.0;
1000214;excuro;Monster;11.0;20.0;
1000215;mordeo;Monster;14.0;14.5;
1000216;ricenseo;Monster;21.0;43.0;
1000217;krator;Monster;20.0;31.0;
1000218;premo;Monster;21.0;35.0;
1000219;validus;Monster;15.0;29.0;
1000220;dicor;Monster;12.0;26.0;
1000221;perum;Monster;18.0;32.0;
1000222;torfe;Monster;15.0;29.0;
1000223;mandragora_sprout;Monster;14.0;19.0;
1000224;ol_mahum_ranger;Monster;14.0;25.0;
1000225;mist_giant_leech;Monster;70.0;29.0;
1000226;gray_ant;Monster;26.0;15.0;
1000227;mist_horror_ripper;Monster;20.0;35.0;
1000228;crimson_ant;Monster;35.0;17.0;
1000229;weird_bee;Monster;8.0;25.0;
1000230;marsh_stakato_worker;Monster;9.0;21.0;
1000231;inpicio;Monster;20.0;10.0;
1000232;marsh_stakato_soldier;Monster;10.0;25.0;
1000233;marsh_spider;Monster;27.0;25.5;
1000234;marsh_stakato_drone;Monster;9.0;24.0;
1000235;shackle;Monster;21.0;40.0;
1000236;cave_servant;Monster;11.0;25.0;
1000237;cave_servant_archer;Monster;11.0;27.0;
1000238;cave_servant_warrior;Monster;11.0;25.0;
1000239;cave_servant_captain;Monster;11.0;25.0;
1000240;royal_cave_servant;Monster;11.0;29.0;
1000241;hunter_gargoyle;Monster;25.0;65.0;
1000242;dust_wind;Monster;25.0;65.0;
1000243;thunder_wyrm;Monster;29.0;72.0;
1000244;malruk_succubus;Monster;10.0;36.0;
1000245;malruk_succubus_turen;Monster;10.0;36.0;
1000246;cave_keeper;Monster;17.0;46.0;
1000247;_bloody_queen;Monster;14.0;40.0;
1000248;turak_bugbear;Monster;17.0;35.0;
1000249;turak_bugbear_warrior;Monster;17.0;35.0;
1000250;glass_jaguar;Monster;14.0;14.5;
1000251;delu_lizardman;Monster;10.0;23.0;
1000252;delu_lizardman_scout;Monster;10.0;23.0;
1000253;delu_lizardman_warrior;Monster;12.0;30.0;
1000254;skeleton_axeman;Monster;11.0;25.0;
1000255;batur_orc;Monster;9.0;22.0;
1000256;batur_orc_archer;Monster;11.0;22.0;
1000257;batur_orc_warrior;Monster;10.0;20.0;
1000258;batur_orc_shaman_a;Monster;26.0;15.0;
1000259;batur_orc_overlord;Monster;12.0;24.0;
1000260;orc_champion;Monster;10.0;23.0;
1000261;orc_shaman;Monster;9.0;22.0;
1000262;catseye_bandit;Monster;13.5;25.0;
1000263;_ol_mahum_rookie;Monster;13.5;25.0;
1000264;_dark_succubus;Monster;10.0;36.0;
1000265;monstereye_searcher;Monster;21.0;43.0;
1000266;monstereye_gazer;Monster;21.0;43.0;
1000267;breka_orc;Monster;9.0;22.0;
1000268;breka_orc_archer;Monster;11.0;22.0;
1000269;breka_orc_shaman;Monster;26.0;15.0;
1000270;breka_orc_overlord;Monster;12.0;24.0;
1000271;breka_orc_warrior;Monster;10.0;20.0;
1000272;cave_servant_hold;Monster;11.0;25.0;
1000273;cave_servant_archer_hold;Monster;11.0;27.0;
1000274;h_cave_servant_warrior;Monster;11.0;25.0;
1000275;h_cave_servant_captain;Monster;11.0;25.0;
1000276;royal_cave_servant_hold;Monster;11.0;29.0;
1000277;cave_keeper_hold;Monster;17.0;46.0;
1000278;_bloody_queen_hold;Monster;17.0;46.0;
1000279;shackle_hold;Monster;21.0;40.0;
1000280;headless_knight_hold;Monster;21.0;31.0;
1000281;dust_wind_hold;Monster;25.0;65.0;
1000282;thunder_wyrm_hold;Monster;29.0;72.0;
1000283;malruk_succubus_hold;Monster;10.0;36.0;
1000284;h_malruk_succubus_turen;Monster;10.0;36.0;
1000285;drake_hold;Monster;35.0;68.0;
1000286;hunter_gargoyle_hold;Monster;25.0;65.0;
1000287;cave_maiden_hold;Monster;25.0;65.0;
1000288;__catseye_bandit;Monster;13.5;25.0;
1000289;__ol_mahum_rookie;Monster;13.5;25.0;
1000290;__dark_succubus;Monster;10.0;36.0;
1000291;enku_orc_champion;Monster;10.0;23.0;
1000292;enku_orc_shaman;Monster;9.0;22.0;
1000293;virud_lizardman;Monster;10.0;23.0;
1000294;virud_lizardman_matriarch;Monster;13.0;37.0;
1000295;virud_lizardman_warrior;Monster;12.0;30.0;
1000296;virud_lizardman_scout;Monster;10.0;23.0;
1000297;virud_lizardman_shaman_a;Monster;10.0;29.0;
1000298;virud_lizardman_shaman_b;Monster;10.0;29.0;
1000299;zenta_lizardman;Monster;11.0;32.0;
1000300;zenta_lizardman_matriarch;Monster;20.0;40.0;
1000301;zenta_lizardman_scout;Monster;11.0;30.0;
1000302;zenta_lizardman_warrior;Monster;13.0;35.0;
1000303;zenta_lizardman_shaman;Monster;13.0;35.0;
1000304;marsh_stakato_queen;Monster;15.0;37.0;
1000305;grave;Monster;15.0;29.0;
1000306;gargoyle_lord_sirocco;Monster;16.0;65.0;
1000307;garum_werewolf;Monster;14.0;23.5;
1000308;hook_spider;Monster;26.0;25.5;
1000309;brown_fox;Monster;9.5;10.0;
1000310;brown_bear;Monster;21.0;50.0;
1000311;rakeclaw_imp;Monster;10.0;24.0;
1000312;rakeclaw_imp_hunter;Monster;10.0;24.0;
1000313;rakeclaw_imp_chieftain;Monster;10.0;30.0;
1000314;great_white_shark;Monster;13.0;21.0;
1000315;giant_wasteland_basil;Monster;32.0;22.0;
1000316;darkwing_bat;Monster;10.0;33.5;
1000317;black_wolf;Monster;13.0;9.0;
1000318;black_timber_wolf;Monster;13.0;10.8;
1000319;goblin_grave_robber;Monster;10.0;15.0;
1000320;goblin_tomb_raider;Monster;10.0;21.4;
1000321;goblin_thief;Monster;10.0;21.4;
1000322;goblin_brigand;Monster;10.0;15.0;
1000323;goblin_brigand_leader;Monster;10.0;21.4;
1000324;goblin_brigand_sub_ldr;Monster;10.0;15.0;
1000325;goblin_raider;Monster;10.0;15.0;
1000326;goblin_scout;Monster;10.0;15.0;
1000327;goblin_snooper;Monster;10.0;15.0;
1000328;goblin_lookout;Monster;10.0;15.0;
1000329;ghost_guardian;Monster;8.0;22.0;
1000330;mineshaft_bat;Monster;10.0;33.5;
1000331;monster_eye_tracker;Monster;21.0;43.0;
1000332;patriarch_kuroboros;Monster;12.0;34.5;
1000333;greystone_golem;Monster;20.0;31.0;
1000334;gremlin_scavenger;Monster;10.0;15.0;
1000335;grizzly_bear;Monster;21.0;50.0;
1000336;green_dryad;Monster;6.0;15.0;
1000337;longtail_fox;Monster;9.5;10.0;
1000338;nightmare_weaver;Monster;11.0;20.0;
1000339;nightmare_flyer;Monster;10.0;42.0;
1000340;slave_skeleton;Monster;11.0;25.0;
1000341;undead_slave;Monster;13.0;21.0;
1000342;werewolf_chieftain;Monster;14.0;25.8;
1000343;werewolf_hunter;Monster;14.0;23.5;
1000344;malex_herald_of_dagoniel;Monster;14.0;43.2;
1000345;dark_terror;Monster;20.0;35.0;
1000346;darkstone_golem;Monster;20.0;31.0;
1000347;death_blader;Monster;15.0;45.0;
1000348;cave_spider;Monster;26.0;25.5;
1000349;cave_bat;Monster;10.0;33.5;
1000350;cave_poker;Monster;26.0;25.5;
1000351;dre_vanul_tracker;Monster;14.0;36.0;
1000352;dre_vanul_slayer;Monster;14.0;36.0;
1000353;dre_vanul_beholder;Monster;14.0;36.0;
1000354;dwarf_ghost;Monster;9.0;16.5;
1000355;dementia_beast;Monster;14.0;14.5;
1000356;langk_lizardman_leader;Monster;12.0;34.5;
1000357;langk_lizardman_sub_ldr;Monster;12.0;30.0;
1000358;ratman_hunter;Monster;14.0;25.0;
1000359;ratman_warrior;Monster;14.0;25.0;
1000360;ratman_spy;Monster;12.0;18.7;
1000361;lennunt_orc_sniper;Monster;14.0;25.0;
1000362;lennunt_orc_warrior;Monster;12.0;22.0;
1000363;maraku_werewolf;Monster;14.0;23.5;
1000364;maraku_werewolf_chief;Monster;14.0;25.8;
1000365;mountain_fungus;Monster;15.0;23.0;
1000366;madness_beast;Monster;14.0;18.7;
1000367;merkenis_escort;Monster;11.0;25.0;
1000368;grave_keeper;Monster;20.0;31.0;
1000369;moonstone_beast;Monster;14.0;14.5;
1000370;barbed_bat;Monster;10.0;33.5;
1000371;mist_terror;Monster;20.0;35.0;
1000372;baraq_orc_fighter;Monster;12.0;22.0;
1000373;baraq_orc_ft_sldr;Monster;12.0;22.0;
1000374;baranka_guard;Monster;11.0;25.0;
1000375;baranka_escort;Monster;11.0;25.0;
1000376;varikan_brigand_ldr;Monster;10.0;21.4;
1000377;varikan_brigand;Monster;10.0;15.0;
1000378;stone_giant;Monster;20.0;31.0;
1000379;stone_soldier;Monster;20.0;31.0;
1000380;stone_guardian;Monster;20.0;31.0;
1000381;vaiss_orc;Monster;12.0;21.0;
1000382;vaiss_orc_lieutenant;Monster;12.0;22.0;
1000383;binding;Monster;12.0;21.0;
1000384;discard_guardian;Monster;20.0;40.3;
1000385;balor_orc_archer;Monster;14.0;25.0;
1000386;balor_orc_fighter;Monster;12.0;22.0;
1000387;balor_orc_leader;Monster;12.0;22.0;
1000388;balor_orc_sub_leader;Monster;12.0;22.0;
1000389;boogle_ratman;Monster;14.0;25.0;
1000390;boogle_ratman_leader;Monster;14.0;25.0;
1000391;red_fox;Monster;9.5;10.0;
1000392;redeye_bat;Monster;10.0;42.0;
1000393;red_scavenger_spider;Monster;26.0;25.5;
1000394;crimson_tarantula;Monster;26.0;25.5;
1000395;brae_orc_archer;Monster;14.0;25.0;
1000396;brae_orc_fighter;Monster;12.0;22.0;
1000397;brae_orc_chief;Monster;12.0;26.4;
1000398;vrykolakas;Monster;14.0;25.8;
1000399;vrykolakas_wolfkin;Monster;13.0;10.8;
1000400;blood_fungus;Monster;15.0;23.0;
1000401;veelan_bugbear;Monster;17.0;35.0;
1000402;veelan_bugbear_warrior;Monster;17.0;35.0;
1000403;hunter_tarantula;Monster;26.0;25.5;
1000404;silent_horror;Monster;20.0;35.0;
1000405;young_brown_fox;Monster;9.5;10.0;
1000406;young_red_fox;Monster;9.5;10.0;
1000407;young_crimson_fox;Monster;9.5;10.0;
1000408;sharuks_henchmen;Monster;10.0;23.0;
1000409;soul_scavenger;Monster;20.0;42.0;
1000410;scavenger_spider;Monster;26.0;25.5;
1000411;corpse_eater_bat;Monster;10.0;33.5;
1000412;susceptor;Monster;20.0;35.0;
1000413;sukar_wererat_warrior;Monster;12.0;18.7;
1000414;sukar_wererat_chief;Monster;14.0;25.0;
1000415;scarlet_salamander;Monster;16.0;6.7;
1000416;scarlet_salamander_ribe;Monster;16.0;6.7;
1000417;sirocco_gargoyle;Monster;16.0;50.0;
1000418;ivory_beast;Monster;14.0;14.5;
1000419;akaste_succubus;Monster;10.0;36.0;
1000420;akaste_succubus_turen;Monster;10.0;36.0;
1000421;akaste_succubus_tilfo;Monster;10.0;43.2;
1000422;akaste_bone_warlord;Monster;11.0;25.0;
1000423;akaste_bone_archer;Monster;11.0;27.0;
1000424;askaste_bone_lord;Monster;11.0;25.0;
1000425;akaste_bone_soldier;Monster;11.0;25.0;
1000426;evil_eye;Monster;21.0;43.0;
1000427;evil_eye_watcher;Monster;21.0;43.0;
1000428;evil_eye_patroller;Monster;21.0;43.0;
1000429;evil_eye_lookout;Monster;21.0;43.0;
1000430;abyss_flyer;Monster;10.0;33.5;
1000431;elf_ghost;Monster;7.0;21.0;
1000432;elpy;Monster;5.0;4.5;
1000433;festering_bat;Monster;10.0;33.5;
1000434;yellow_hornet;Monster;8.0;25.0;
1000435;opal_beast;Monster;14.0;14.5;
1000436;ol_mahum_supplier;Monster;14.0;29.2;
1000437;ol_mahum_recruit;Monster;13.5;25.0;
1000438;ol_mahum_general;Monster;14.0;27.0;
1000439;ol_mahum_officer;Monster;13.5;25.0;
1000440;elder_brown_fox;Monster;9.5;10.0;
1000441;elder_longtail_fox;Monster;9.5;10.0;
1000442;elder_wolf;Monster;13.0;9.0;
1000443;elder_red_fox;Monster;9.5;10.0;
1000444;elder_crimson_fox;Monster;9.5;10.0;
1000445;uthanka_pirate;Monster;12.0;21.0;
1000446;utuku_orc;Monster;12.0;21.0;
1000447;utuku_orc_archer;Monster;14.0;25.0;
1000448;utuku_orc_grunt;Monster;12.0;21.0;
1000449;will_o_wisp;Monster;13.0;26.0;
1000450;relic_werewolf;Monster;14.0;23.5;
1000451;relic_spartoi;Monster;11.0;25.0;
1000452;kaysha_herald_of_ikaros;Monster;10.0;43.2;
1000453;human_ghost;Monster;8.0;22.0;
1000454;oblivion_watcher;Monster;21.0;43.0;
1000455;doom_soldier;Monster;11.0;25.0;
1000456;ashen_wolf;Monster;13.0;9.0;
1000457;zombie_soldier;Monster;13.0;21.0;
1000458;zombie_warrior;Monster;13.0;27.5;
1000459;zombie_lord_farakelsus;Monster;13.0;27.5;
1000460;crimson_spider;Monster;26.0;25.5;
1000461;dungeon_spider;Monster;26.0;25.5;
1000462;dungeon_poker;Monster;26.0;25.5;
1000463;dungeon_skeleton_archer;Monster;11.0;27.0;
1000464;dungeon_skeleton;Monster;11.0;25.0;
1000465;crimson_fox;Monster;9.5;10.0;
1000466;pincer_spider;Monster;26.0;25.5;
1000467;tracker_sharuk;Monster;12.0;30.0;
1000468;kaboo_orc;Monster;12.0;21.0;
1000469;kaboo_orc_archer;Monster;14.0;25.0;
1000470;kaboo_orc_grunt;Monster;12.0;21.0;
1000471;kaboo_orc_fighter;Monster;12.0;22.0;
1000472;kaboo_orc_ft_leader;Monster;12.0;22.0;
1000473;kaboo_orc_ft_sub_ldr;Monster;12.0;22.0;
1000474;kasha_spider;Monster;26.0;25.5;
1000475;kasha_wolf;Monster;13.0;9.0;
1000476;kasha_poker_spider;Monster;26.0;25.5;
1000477;kasha_timber_wolf;Monster;13.0;10.8;
1000478;kasha_blade_spider;Monster;26.0;25.5;
1000479;kasha_bear;Monster;21.0;50.0;
1000480;blade_bat;Monster;10.0;33.5;
1000481;keltir;Monster;9.5;10.0;
1000482;corpse_scavenger;Monster;11.0;31.0;
1000483;corpse_candle;Monster;13.0;26.0;
1000484;follower_of_kuroboros;Monster;10.0;23.0;
1000485;priest_of_kuroboros;Monster;13.0;37.0;
1000486;bodyguard_of_kuroboros;Monster;10.0;23.0;
1000487;kuruka_ratman;Monster;14.0;25.0;
1000488;kuruka_ratman_hunter;Monster;14.0;25.0;
1000489;quicksilver_beast;Monster;14.0;14.5;
1000490;crimson_doll;Monster;15.0;38.0;
1000491;crypt_horror;Monster;20.0;35.0;
1000492;kirunaks_guards;Monster;11.0;25.0;
1000493;tiger_hornet;Monster;8.0;32.0;
1000494;turek_war_hound;Monster;15.0;15.0;
1000495;turek_orc_warlord;Monster;10.0;23.0;
1000496;turek_orc_archer;Monster;14.0;25.0;
1000497;turek_orc_skimisher;Monster;12.0;22.0;
1000498;turek_orc_supplier;Monster;12.0;22.0;
1000499;turek_orc_footman;Monster;12.0;21.0;
1000500;turek_orc_sentinel;Monster;12.0;21.0;
1000501;turek_orc_shaman;Monster;9.0;22.0;
1000502;twink_puma;Monster;14.0;14.5;
1000503;farakelsus_zombie;Monster;13.0;21.0;
1000504;dread_soldier;Monster;11.0;25.0;
1000505;ruin_bat;Monster;10.0;42.0;
1000506;ruin_imp;Monster;10.0;30.0;
1000507;ruin_imp_ribe;Monster;10.0;30.0;
1000508;plunder_tarantula;Monster;26.0;25.5;
1000509;spore_fungus;Monster;15.0;23.0;
1000510;puma;Monster;14.0;14.5;
1000511;pitchstone_golem;Monster;20.0;31.0;
1000512;field_stalker;Monster;15.0;30.0;
1000513;skeleton_knight;Monster;10.0;25.0;
1000514;shield_skeleton;Monster;11.0;25.0;
1000515;skeleton_infantry;Monster;11.0;25.0;
1000516;skeleton_sentinel;Monster;11.0;31.0;
1000517;skeleton_hunter;Monster;11.0;25.0;
1000518;skeleton_hunter_archer;Monster;11.0;27.0;
1000519;skeleton_pikeman;Monster;10.0;28.0;
1000520;pirate_captain_uthanka;Monster;12.0;26.4;
1000521;whinstone_golem;Monster;20.0;31.0;
1000522;white_fang;Monster;13.0;10.8;
1000523;wasteland_basilisk;Monster;32.0;22.0;
1000524;grey_wolf;Monster;13.0;9.0;
1000525;gray_wolf;Monster;13.0;9.0;
1000526;obsidian_golem;Monster;20.0;31.0;
1000527;white_wolf;Monster;15.0;15.0;
1000528;goblin_lord;Monster;10.0;15.0;
1000529;young_brown_keltir;Monster;9.5;10.0;
1000530;young_red_keltir;Monster;9.5;10.0;
1000531;young_crimson_keltir;Monster;9.5;10.0;
1000532;brown_keltir;Monster;9.5;10.0;
1000533;longtail_keltir;Monster;9.5;10.0;
1000534;red_keltir;Monster;9.5;10.0;
1000535;crimson_keltir;Monster;9.5;10.0;
1000536;elder_brown_keltir;Monster;9.5;10.0;
1000537;elder_red_keltir;Monster;9.5;10.0;
1000538;elder_crimson_keltir;Monster;9.5;10.0;
1000539;elder_longtail_keltir;Monster;9.5;10.0;
1000540;gemstone_beast;Monster;14.0;14.5;
1000541;ore_bat;Monster;10.0;33.5;
1000542;skeleton_longbowman;Monster;11.0;27.0;
1000543;ghost;Monster;8.0;22.0;
1000544;elder_keltir;Monster;9.5;10.0;
1000545;young_keltir;Monster;9.5;10.0;
1000546;turek_orc_elder;Monster;9.0;22.0;
1000547;ol_mahum_support;Monster;14.0;29.2;
1000548;ol_mahum_deserter;Monster;13.5;25.0;
1000549;ol_mahum_lord;Monster;14.0;27.0;
1000550;guardian_basilisk;Monster;34.0;25.0;
1000551;road_scavenger;Monster;14.0;25.0;
1000552;crimson_bind;Monster;12.0;21.0;
1000553;windsus;Monster;35.0;27.0;
1000554;grandis;Monster;14.0;37.0;
1000555;giant_fungus;Monster;15.0;31.3;
1000556;giant_monstereye;Monster;21.0;43.0;
1000557;dire_wyrm;Monster;29.0;72.0;
1000558;rot_tree;Monster;35.0;80.0;
1000559;rot_golem;Monster;20.0;31.0;
1000560;trisalim;Monster;26.0;25.5;
1000561;trisalim_tote;Monster;27.0;25.5;
1000562;spore_zombie;Monster;13.0;27.5;
1000563;manashen;Monster;16.0;50.0;
1000564;enchanted_monstereye;Monster;21.0;43.0;
1000565;enchanted_stone_golem;Monster;20.0;40.3;
1000566;enchanted_iron_golem;Monster;18.0;32.0;
1000567;enchanted_gargoyle;Monster;16.0;50.0;
1000568;byfoot;Monster;21.0;35.0;
1000569;byfoot_sigel;Monster;21.0;35.0;
1000570;tarlk_bugbear;Monster;17.0;35.0;
1000571;tarlk_bugbear_warrior;Monster;17.0;35.0;
1000572;tarlk_bugbear_high_warrior;Monster;15.0;40.0;
1000573;tarlk_basilisk;Monster;34.0;25.0;
1000574;elder_tarlk_basilisk;Monster;34.0;25.0;
1000575;oel_mahum_warrior;Monster;20.0;38.0;
1000576;oel_mahum_witch_doctor;Monster;15.0;34.0;
1000577;leto_lizardman;Monster;11.0;32.0;
1000578;leto_lizardman_archer;Monster;11.0;30.0;
1000579;leto_lizardman_soldier;Monster;11.0;32.0;
1000580;leto_lizardman_warrior;Monster;13.0;35.0;
1000581;leto_lizardman_shaman;Monster;13.0;35.0;
1000582;leto_lizardman_overlord;Monster;20.0;40.0;
1000583;timak_orc;Monster;9.0;22.0;
1000584;timak_orc_archer;Monster;11.0;22.0;
1000585;timak_orc_soldier;Monster;9.0;22.0;
1000586;timak_orc_warrior;Monster;10.0;20.0;
1000587;timak_orc_shaman;Monster;26.0;15.0;
1000588;timak_orc_overlord;Monster;12.0;24.0;
1000589;fline;Monster;11.0;35.0;
1000590;liele;Monster;12.0;27.0;
1000591;ti_mi_kran;Monster;23.0;90.0;
1000592;pan_ruem;Monster;14.0;35.0;
1000593;unicorn;Monster;14.0;30.0;
1000594;forest_runner;Monster;12.0;26.0;
1000595;fline_elder;Monster;11.0;35.0;
1000596;liele_elder;Monster;12.0;27.0;
1000597;ti_mi_kran_elder;Monster;23.0;90.0;
1000598;pan_ruem_elder;Monster;14.0;35.0;
1000599;unicorn_elder;Monster;14.0;30.0;
1000600;karul_bugbear;Monster;17.0;35.0;
1000601;tamlin_orc;Monster;9.0;22.0;
1000602;tamlin_orc_archer;Monster;11.0;22.0;
1000603;kronbe;Monster;26.0;25.5;
1000604;lakin;Monster;14.0;37.0;
1000605;weird_drake;Monster;35.0;68.0;
1000606;kuran_kobold;Monster;10.0;15.0;
1000607;kuran_kobold_warrior;Monster;10.0;15.0;
1000608;patin;Monster;11.0;27.0;
1000609;salamander_lakin;Monster;16.0;6.7;
1000610;flame_viewer;Monster;21.0;43.0;
1000611;dre_vanul_konfil;Monster;14.0;36.0;
1000612;salamander_rowin;Monster;16.0;6.7;
1000613;lafi_lizardman;Monster;10.0;23.0;
1000614;lafi_lizardman_scout;Monster;10.0;23.0;
1000615;ritmal;Monster;11.0;25.0;
1000616;undine_lakin;Monster;12.0;27.0;
1000617;water_observer;Monster;11.0;20.0;
1000618;sucubuss_kanil;Monster;10.0;36.0;
1000619;undine_rowin;Monster;12.0;27.0;
1000620;cave_beast;Monster;21.0;35.0;
1000621;death_wave;Monster;13.0;26.0;
1000622;malruk_soldier;Monster;11.0;29.0;
1000623;plando;Monster;10.0;23.0;
1000624;cave_howler;Monster;14.0;37.0;
1000625;malruk_knight;Monster;10.0;25.0;
1000626;malruk_berserker;Monster;14.0;29.0;
1000627;malruk_lord;Monster;15.0;45.0;
1000628;limal_karinness;Monster;14.0;40.0;
1000629;karik;Monster;24.0;40.0;
1000630;taik_orc;Monster;13.0;29.0;
1000631;taik_orc_archer;Monster;10.0;30.0;
1000632;taik_orc_warrior;Monster;12.0;24.0;
1000633;taik_orc_shaman;Monster;10.0;23.0;
1000634;taik_orc_captain;Monster;12.0;24.0;
1000635;carinkain;Monster;11.0;20.0;
1000636;mirrorforest_ghost_b;Monster;9.0;16.5;
1000637;mirrorforest_ghost_c;Monster;7.0;21.0;
1000638;mirrorforest_ghost_d;Monster;8.0;22.0;
1000639;mirror;Monster;26.0;52.0;
1000640;harit_lizardman;Monster;11.0;32.0;
1000641;harit_lizardman_grunt;Monster;11.0;32.0;
1000642;harit_lizardman_archer;Monster;11.0;30.0;
1000643;harit_lizardman_warrior;Monster;13.0;35.0;
1000644;harit_lizardman_shaman;Monster;13.0;35.0;
1000645;harit_lizardman_matriarch;Monster;20.0;40.0;
1000646;halingka;Monster;34.0;28.0;
1000647;ynglzu;Monster;15.0;30.0;
1000648;paliote;Monster;13.0;26.0;
1000649;hamrut;Monster;27.0;25.5;
1000650;kranrot;Monster;19.0;36.0;
1000651;gamlin;Monster;11.0;32.0;
1000652;leogul;Monster;15.0;35.0;
1000653;lesser_giant;Monster;21.0;44.0;
1000654;lesser_giant_soldier;Monster;21.0;44.0;
1000655;lesser_giant_shooter;Monster;21.0;44.0;
1000656;lesser_giant_scout;Monster;21.0;44.0;
1000657;lesser_giant_mage;Monster;21.0;44.0;
1000658;lesser_giant_elder;Monster;21.0;44.0;
1000659;grave_wanderer;Monster;13.0;21.0;
1000660;archer_of_greed;Monster;11.0;27.0;
1000661;hatar_ratman_theif;Monster;14.0;25.0;
1000662;hatar_ratman_boss;Monster;14.0;25.0;
1000663;hatar_hanishee;Monster;14.0;25.0;
1000664;diprive;Monster;15.0;30.0;
1000665;taik_orc_supply;Monster;13.0;29.0;
1000666;taik_orc_seeker;Monster;13.0;29.0;
1000667;farcran;Monster;19.0;36.0;
1000668;grave_guard;Monster;16.0;50.0;
1000669;taik_orc_supply_leader;Monster;12.0;24.0;
1000670;crimson_drake;Monster;35.0;68.0;
1000671;kadios;Monster;35.0;35.0;
1000672;trives;Monster;17.0;46.0;
1000673;falibati;Monster;25.0;65.0;
1000674;doom_knight;Monster;15.0;45.0;
1000675;tairim;Monster;13.0;26.0;
1000676;judge_of_marsh;Monster;35.0;80.0;
1000677;tulben;Monster;10.0;33.5;
1000678;punishment_of_undead;Monster;21.0;40.0;
1000679;marsh_stalker;Monster;16.0;50.0;
1000680;marsh_drake;Monster;35.0;68.0;
1000681;vanor_silenos;Monster;13.0;29.0;
1000682;vanor_silenos_grunt;Monster;13.0;29.0;
1000683;vanor_silenos_scout;Monster;13.0;29.0;
1000684;vanor_silenos_warrior;Monster;13.0;31.0;
1000685;vanor_silenos_shaman;Monster;13.0;32.0;
1000686;vanor_silenos_cheiftain;Monster;13.0;31.5;
1000687;revenant_of_sir_calibus;Monster;14.0;29.0;
1000688;squire_of_calibus;Monster;11.0;25.0;
1000689;demon_tempest;Monster;21.0;54.0;
1000690;revenant_of_the_executed;Monster;11.0;25.0;
1000691;redeye_leader_trakia;Monster;30.0;55.0;
1000692;redeye_guards;Monster;14.0;27.0;
1000693;nurkas_messenger;Monster;21.0;40.5;
1000694;messenger_escort;Monster;13.5;25.0;
1000695;stakato_queen_zyrnna;Monster;15.0;37.0;
1000696;marsh_stakato_noble;Monster;9.0;24.0;
1000697;titanscreation_premo_prime;Monster;14.0;37.0;
1000698;titanscreation_bemos;Monster;25.0;53.0;
1000699;archon_susceptor;Monster;20.0;35.0;
1000700;gustos_susceptor;Monster;20.0;35.0;
1000701;eyes_of_bereth;Monster;21.0;43.0;
1000702;followers_of_the_eye;Monster;11.0;20.0;
1000703;adherent_of_antaras_skyla;Monster;30.0;63.0;
1000704;skylas_retainer;Monster;11.0;32.0;
1000705;corsair_captain_kylon;Monster;16.0;44.0;
1000706;kylons_pirate;Monster;16.0;40.0;
1000707;cave_servant_lord_ishka;Monster;22.0;67.0;
1000708;cave_servant_general;Monster;11.0;29.0;
1000709;rscavenger_leader_rinoket;Monster;21.0;38.0;
1000710;rinokets_henchman;Monster;10.0;15.0;
1000711;necrosentinel_guard;Monster;11.0;29.0;
1000712;necrosentinel_archer;Monster;11.0;27.0;
1000713;envoyofantaras_nakondas;Monster;37.0;125.0;
1000714;slaveofnakondas;Monster;29.0;72.0;
1000715;dread_avenger_kraven;Monster;14.0;29.0;
1000716;dread_panther;Monster;14.0;14.5;
1000717;handmaiden_of_orfen;Monster;25.0;80.0;
1000718;trisalim_escort;Monster;40.0;38.0;
1000719;fairy_queen_timiniel;Monster;10.0;54.0;
1000720;timiniels_escort;Monster;5.0;25.0;
1000721;betrayer_of_urutu_freki;Monster;14.0;23.5;
1000722;frekis_bloodseeker_bats;Monster;10.0;33.5;
1000723;centaurus;Monster;18.0;40.0;
1000724;crimson_bear;Monster;19.0;36.0;
1000725;devastator;Monster;35.0;35.0;
1000726;saber_toothed_tiger;Monster;34.0;28.0;
1000727;liviona;Monster;15.0;28.0;
1000728;heltor_silenos;Monster;13.0;29.0;
1000729;heltor_silenos_chieftain;Monster;13.0;31.5;
1000730;heltor_silenos_hunter;Monster;13.0;29.0;
1000731;heltor_silenos_shaman;Monster;13.0;32.0;
1000732;heltor_silenos_warrior;Monster;13.0;31.0;
1000733;ketra_orc;Monster;13.0;29.0;
1000734;ketra_orc_archer;Monster;12.0;27.0;
1000735;ketra_orc_overload;Monster;12.0;24.0;
1000736;ketra_orc_shaman;Monster;10.0;23.0;
1000737;ketra_orc_warrior_a;Monster;12.0;24.0;
1000738;kobold_looter_bepook;Monster;15.0;24.0;
1000739;bepooks_pet;Monster;13.0;9.0;
1000740;rampage_golem_ldr_talos;Monster;27.0;52.0;
1000741;rampage_golem;Monster;20.0;31.0;
1000742;mystical_weaver;Monster;11.0;20.0;
1000743;howler;Monster;14.0;23.5;
1000744;red_eye_vampire_bat;Monster;10.0;33.5;
1000745;wild_desperado;Monster;35.0;17.0;
1000746;wild_desperado_fellow;Monster;26.0;15.0;
1000747;roxide;Monster;10.0;36.0;
1000748;roxide_fellow;Monster;11.0;25.0;
1000749;death_fire;Monster;14.0;36.0;
1000750;fire_archer;Monster;11.0;27.0;
1000751;snipe;Monster;14.0;14.5;
1000752;snipe_fellow;Monster;14.0;14.5;
1000753;dark_lord;Monster;15.0;45.0;
1000754;dark_knight;Monster;14.0;29.0;
1000755;talakin;Monster;14.0;27.0;
1000756;talakin_archer;Monster;14.0;25.0;
1000757;talakin_raider;Monster;13.5;25.0;
1000758;dragon_bearer_chief;Monster;11.0;25.0;
1000759;dragon_bearer_warrior;Monster;11.0;25.0;
1000760;dragon_bearer_archer;Monster;11.0;27.0;
1000761;pytan;Monster;14.0;40.0;
1000762;pytan_knight;Monster;15.0;45.0;
1000763;lord_of_plain;Monster;20.0;40.0;
1000764;shaman_of_plain;Monster;13.0;35.0;
1000765;warrior_of_plain;Monster;13.0;35.0;
1000766;scout_of_plain;Monster;11.0;30.0;
1000767;timak_orc_troop_leader;Monster;12.0;24.0;
1000768;timak_orc_troop_shaman;Monster;26.0;15.0;
1000769;timak_orc_troop_warrior;Monster;10.0;20.0;
1000770;timak_orc_troop_archer;Monster;11.0;22.0;
1000771;barif;Monster;21.0;44.0;
1000772;barif_pet;Monster;15.0;35.0;
1000773;congerer_lord;Monster;10.0;33.5;
1000774;congerer;Monster;10.0;33.5;
1000775;bugbear_raider;Monster;0.0;0.0;
1000776;dark_succubus;Monster;0.0;0.0;
1000777;hunter_bear;Monster;0.0;0.0;
1000778;ragna_orc_overlord;Monster;0.0;0.0;
1000779;ragna_orc_seer;Monster;0.0;0.0;
1000780;bloody_axe_elite;Monster;0.0;0.0;
1000781;delu_lizardman_shaman;Monster;0.0;0.0;
1000782;ol_mahum_rookie;Monster;0.0;0.0;
1005001;q0101_orc_sniper;Monster;14.0;25.0;
1005002;q0101_orc_fght_ldr;Monster;12.0;22.0;
1005003;spirit_of_mirrors1;Monster;20.0;10.0;
1005004;spirit_of_mirrors2;Monster;12.0;22.0;
1005005;spirit_of_mirrors3;Monster;14.0;23.5;
1005006;bhato_bloodspear;Monster;12.0;22.0;
1005007;tanuki_skullcrusher;Monster;12.0;22.0;
1005008;kraacul_blackskull;Monster;12.0;22.0;
1005009;taarq_blackskull;Monster;14.0;25.0;
1005010;_fallen_knight_saythus;Monster;14.0;14.5;
1005011;_fallen_knight_trayer;Monster;14.0;14.5;
1005012;_fallen_knight_falimar;Monster;14.0;14.5;
1005013;_garuuk_blackskull;Monster;14.0;14.5;
1005014;_madclaw_takuttaku;Monster;14.0;14.5;
1005015;_rakanos_viperheart;Monster;14.0;14.5;
1005016;nerkas;Monster;14.0;36.0;
1005017;plague_zombie;Monster;13.0;21.0;
1005018;q0315_orc_warrior;Monster;12.0;22.0;
1005019;q0315_orc_wr_ldr;Monster;12.0;22.0;
1005020;varool_foulclaw;Monster;14.0;25.0;
1005021;kirunak;Monster;14.0;36.0;
1005022;merkenis;Monster;10.0;36.0;
1005023;_bugbear_raider;Monster;17.0;35.0;
1005024;undead_priest;Monster;13.0;21.0;
1005025;_ol_mahum_catseye;Monster;13.5;25.0;
1005026;_ol_mahum_eagleye;Monster;13.5;25.0;
1005027;_ol_mahum_foxeye;Monster;14.0;25.0;
1005028;_ol_mahum_wolfeye;Monster;14.0;25.0;
1005029;phantom_of_salamander;Monster;16.0;6.7;
1005030;water_seer;Monster;21.0;43.0;
1005031;ol_mahum_sentry;Monster;13.5;25.0;
1005032;q409_lizardman_warrior;Monster;12.0;30.0;
1005033;q409_lizardman_scout;Monster;10.0;23.0;
1005034;q409_lizardman;Monster;10.0;23.0;
1005035;tamato;Monster;17.0;35.0;
1005036;calpico;Monster;12.0;22.0;
1005037;calpicos_goons;Monster;12.0;21.0;
1005038;catseye_bandit;Monster;13.5;25.0;
1005039;_ol_mahum_rookie;Monster;13.5;25.0;
1005040;_dark_succubus;Monster;10.0;36.0;
1005041;baranka_messenger;Monster;12.0;22.0;
1005042;orc_escort;Monster;12.0;22.0;
1005043;varangkas_tracker;Monster;10.0;33.5;
1005044;kasha_bear_totem;Monster;14.0;40.0;
1005045;kuruka_ratman_leader;Monster;14.0;25.0;
1005046;orc_betrayer_sue;Monster;9.0;22.0;
1005047;orc_betrayer_wanuk;Monster;9.0;22.0;
1005048;orc_betrayer_chewba;Monster;9.0;22.0;
1005049;orc_betrayer_heitafu;Monster;9.0;22.0;
1005050;orc_betrayer_picubo;Monster;9.0;22.0;
1005051;orc_betrayer_bumbum;Monster;9.0;22.0;
1005052;orc_betrayer_minsku;Monster;9.0;22.0;
1005053;orc_betrayer_chuchu;Monster;9.0;22.0;
1005054;orc_betrayer_umbar;Monster;9.0;22.0;
1005055;orc_betrayer_zakan;Monster;9.0;22.0;
1005056;durka_spirit;Monster;11.0;20.0;
1005057;_hunter_bear;Monster;14.0;40.0;
1005058;honey_bear;Monster;14.0;40.0;
1005059;kaboo_chief_uoph;Monster;12.0;22.0;
1005060;kaboo_chief_kracha;Monster;14.0;25.0;
1005061;kaboo_chief_batoh;Monster;12.0;22.0;
1005062;kaboo_chief_tanukia;Monster;12.0;22.0;
1005063;tanukias_warhound;Monster;13.0;9.0;
1005064;kaboo_chief_turel;Monster;12.0;22.0;
1005065;kaboo_chief_roko;Monster;14.0;25.0;
1005066;rokos_warhound;Monster;13.0;9.0;
1005067;kaboo_chief_kamut;Monster;12.0;22.0;
1005068;kaboo_chief_murtika;Monster;14.0;25.0;
1005069;murtikas_warhound;Monster;13.0;9.0;
1005070;tumran_orc_brigand;Monster;12.0;22.0;
1005071;__wasted1;Monster;10.0;15.0;
1005072;__wasted2;Monster;13.0;9.0;
1005073;__wasted3;Monster;20.0;31.0;
1005074;__wasted4;Monster;11.0;20.0;
1005075;__wasted5;Monster;14.0;23.5;
1005076;__wasted6;Monster;10.0;33.5;
1005077;unicorn_of_eva;Monster;14.0;30.0;
1005078;trimden_lord;Monster;27.0;25.5;
1005079;black_willow_lurker;Monster;35.0;80.0;
1005080;pashika_sonof_voltar;Monster;10.0;20.0;
1005081;vultus_sonof_voltar;Monster;10.0;20.0;
1005082;enku_orc_overlord;Monster;10.0;20.0;
1005083;makum_bugbear_thug;Monster;17.0;35.0;
1005084;_ragna_orc_overlord;Monster;10.0;23.0;
1005085;_ragna_orc_seer;Monster;9.0;22.0;
1005086;revenant_of_tantos_chief;Monster;12.0;24.0;
1005087;_bloody_axe_elite;Monster;14.0;27.0;
1005088;harpy_martriarch;Monster;10.0;42.0;
1005089;road_collector;Monster;14.0;25.0;
1005090;serpent_demon_kadesh;Monster;17.0;46.0;
1005091;_delu_lizardman_shaman;Monster;10.0;29.0;
1005092;neer_bodyguard;Monster;14.0;22.0;
1005093;delu_chief_kalkis;Monster;13.0;37.0;
1005094;delu_lizardman_assassin;Monster;10.0;23.0;
1005095;singing_flower_phantasm;Monster;12.0;26.0;
1005096;singing_flower_nightmare;Monster;12.0;26.0;
1005097;singing_flower_darkling;Monster;12.0;26.0;
1005098;ghost_fire;Monster;13.0;26.0;
1005099;nameless_revenant;Monster;13.0;21.0;
1005100;skeletal_mercenary;Monster;10.0;25.0;
1005101;drevanul_prince_zeruel;Monster;14.0;36.0;
1005102;pako_the_cat;Monster;9.0;16.0;
1005103;unicorn_racer;Monster;11.0;18.0;
1005104;shadow_turen;Monster;10.0;30.0;
1005105;mimi_the_cat;Monster;8.0;15.0;
1005106;unicorn_phantasm;Monster;13.0;17.5;
1005107;silhouette_tilfo;Monster;8.0;23.0;
1005108;stenoa_gorgon_queen;Monster;25.0;65.0;
1005109;handmaiden_of_stenoa;Monster;14.0;25.0;
1005110;shyslassys;Monster;14.0;25.0;
1005111;cave_basilisk;Monster;34.0;25.0;
1005112;gorr;Monster;14.0;25.0;
1005113;baraham;Monster;14.0;25.0;
1005114;queen_of_succubus;Monster;10.0;36.0;
1005115;claw_succubus;Monster;10.0;36.0;
1005116;lava_salamander;Monster;16.0;6.7;
1005117;nahir;Monster;14.0;36.0;
1005118;black_willow;Monster;35.0;80.0;
1005119;spirit_of_sir_herod;Monster;11.0;29.0;
1005120;luell_of_zephyr_winds;Monster;11.0;35.0;
1005121;actea_of_verdant_wilds;Monster;9.0;20.0;
1005122;leto_lizardman_agent;Monster;11.0;32.0;
1005123;leto_lizardman_leader;Monster;13.0;35.0;
1005124;leto_lizardman_assassin;Monster;11.0;32.0;
1005125;leto_lizardman_sniper;Monster;11.0;30.0;
1005126;leto_lizardman_wizard;Monster;13.0;35.0;
1005127;leto_lizardman_lord;Monster;20.0;40.0;
1005128;aruraune;Monster;12.0;26.0;
1005129;ol_mahum_inspector;Monster;13.5;25.0;
1005130;ol_mahum_betrayer;Monster;13.5;25.0;
1005131;crimsha_werewolf;Monster;14.0;23.5;
1005132;krudel_lizardman;Monster;10.0;23.0;
1005133;evil_eye_lord;Monster;21.0;43.0;
1005134;tatoma;Monster;15.0;40.0;
1005135;grima;Monster;35.0;35.0;
1005136;succubus_of_seduction;Monster;10.0;36.0;
1005137;demon_king;Monster;14.0;36.0;
1005138;great_demon_king;Monster;14.0;29.0;
1005139;secret_keeper_tree;Monster;23.0;90.0;
1005140;breka_overlord_haka;Monster;12.0;24.0;
1005141;breka_overlord_jaka;Monster;12.0;24.0;
1005142;breka_overlord_marka;Monster;12.0;24.0;
1005143;windsus_aleph;Monster;35.0;27.0;
1005144;talk_raider_athu;Monster;15.0;40.0;
1005145;talk_raider_lanka;Monster;15.0;40.0;
1005146;talk_raider_triska;Monster;15.0;40.0;
1005147;talk_raider_motura;Monster;15.0;40.0;
1005148;talk_raider_kalath;Monster;15.0;40.0;
1005149;gremlin_filcher;Monster;10.0;15.0;
1005150;black_legion_stormtrooper;Monster;11.0;29.0;
1005151;delu_lizardman_headhunter;Monster;10.0;23.0;
1005152;marsh_stakato_marquess;Monster;15.0;37.0;
1005153;darklord_alexandrosanches;Monster;10.0;24.0;
1005154;abyssking_bonaparterius;Monster;10.0;15.0;
1005155;eviloverlord_ramsebalius;Monster;12.0;21.0;
1005156;leto_shaman_ketz;Monster;13.0;35.0;
1005157;leto_chief_narak;Monster;20.0;40.0;
1005158;timak_raider_kaikee;Monster;9.0;22.0;
1005159;timak_overlord_okun;Monster;12.0;24.0;
1005160;grandis_chief_gok_magok;Monster;14.0;37.0;
1005161;taik_overlord_kakran;Monster;12.0;24.0;
1005162;hatar_chieftain_kubel;Monster;14.0;25.0;
1005163;vanor_elder_kerunos;Monster;13.0;31.5;
1005164;karul_chief_orooto;Monster;17.0;35.0;
1005165;abyssal_jewel_1;Monster;26.0;52.0;
1005166;abyssal_jewel_2;Monster;26.0;52.0;
1005167;abyssal_jewel_3;Monster;26.0;52.0;
1005168;jewel_guardian_mara;Monster;10.0;36.0;
1005169;jewel_guardian_musfel;Monster;14.0;36.0;
1005170;jewel_guardian_pyton;Monster;17.0;46.0;
1005171;sacrifice_of_sacrificed;Monster;11.0;20.0;
1005172;harit_lizardman_zealot;Monster;13.0;35.0;
1005173;box_of_athrea1;Npc;12.0;9.5;
1005174;box_of_athrea2;Npc;12.0;9.5;
1005175;box_of_athrea3;Npc;12.0;9.5;
1005176;box_of_athrea4;Npc;12.0;9.5;
1005177;box_of_athrea5;Npc;12.0;9.5;
1005178;blitz_wyrm;Monster;29.0;72.0;
1005179;grave_keymaster;Monster;16.0;50.0;
1005180;imperial_slave;Monster;12.0;21.0;
1005181;imperial_gravekeeper;Monster;15.0;45.0;
1007001;lector;Merchant;10.0;24.0;
1007002;jackson;Merchant;8.0;24.0;
1007003;silvia;Merchant;7.0;23.0;
1007004;katrine;Merchant;8.0;25.3;
1007005;wilph;Npc;8.0;17.0;
1007006;rapunzel;Teleporter;8.0;25.0;
1007007;__wiri;Monster;5.0;25.0;
1007008;roien;Npc;8.0;23.5;
1007009;carl;Trainer;8.0;23.0;
1007010;ein;Trainer;8.0;23.0;
1007011;guts;Trainer;8.0;23.0;
1007012;langu;Trainer;8.0;23.0;
1007013;__ned;Trainer;8.0;23.0;
1007014;celma;Trainer;9.5;22.4;
1007015;__hillde;Trainer;9.5;22.4;
1007016;__wanda;Trainer;9.5;22.4;
1007017;gallin;Npc;8.0;24.0;
1007018;guflang;Trainer;8.0;23.0;
1007019;doff;Trainer;8.0;23.0;
1007020;rayon;Trainer;8.0;23.0;
1007021;ria;Trainer;8.0;23.0;
1007022;gigon;Trainer;8.0;23.0;
1007023;__nhia;Merchant;8.0;24.0;
1007024;__june;Trainer;8.0;23.5;
1007025;__mellcy;Trainer;8.0;23.0;
1007026;bitz;Npc;8.0;23.5;
1007027;gwyn;Trainer;8.0;23.0;
1007028;pin;Trainer;8.0;23.0;
1007029;minx;Trainer;9.5;22.4;
1007030;vivi;Trainer;8.0;22.5;
1007031;quilt;Npc;8.0;24.0;
1007032;yohan;Trainer;8.0;23.0;
1007033;baul;Trainer;8.0;23.0;
1007034;iris;Trainer;8.0;23.5;
1007035;harry;Trainer;8.0;23.0;
1007036;potter;Trainer;8.0;23.0;
1007037;levian;Trainer;8.0;22.5;
1007038;__pearlgreen;Trainer;8.0;22.5;
1007039;gilbert;Guard;8.0;24.0;
1007040;lee;Guard;8.0;24.0;
1007041;arnold;Guard;8.0;24.0;
1007042;abel;Guard;8.0;24.0;
1007043;johnson;Guard;8.0;24.0;
1007044;chip;Guard;8.0;24.0;
1007045;ken;Guard;8.0;24.0;
1007046;hank;Guard;8.0;24.0;
1007047;philly;Npc;8.0;23.0;
1007048;daring;Npc;8.0;22.0;
1007049;voni;Npc;8.0;20.5;
1007050;elias;Npc;8.0;21.5;
1007051;cristel;Npc;8.0;21.5;
1007052;__tempteleporter1;Merchant;6.0;24.5;
1007053;__tempteleporter2;Merchant;6.0;24.5;
1007054;rant;Npc;8.0;17.0;
1007055;rollfnan;Npc;8.0;17.0;
1007056;maslin;Trainer;9.5;22.4;
1007057;amidol;Npc;8.0;17.0;
1007058;holvas;Npc;8.0;17.0;
1007059;trishya;Teleporter;8.0;25.0;
1007060;sabrin;Merchant;10.0;24.0;
1007061;kc;Merchant;8.0;24.0;
1007062;sonia;Merchant;7.0;23.0;
1007063;lars;Merchant;8.0;25.3;
1007064;terry;Trainer;8.0;23.0;
1007065;arne;Trainer;9.5;22.4;
1007066;pabris;Npc;8.0;23.5;
1007067;glyvka;Trainer;8.0;22.5;
1007068;shegfield;Npc;8.0;22.5;
1007069;rollant;Trainer;8.0;23.0;
1007070;sylvain;Npc;8.0;24.0;
1007071;lucas;Guard;8.0;24.0;
1007072;metty;Guard;8.0;24.0;
1007073;jaycub;Guard;8.0;24.0;
1007074;hitsran;Guard;8.0;24.0;
1007075;xaber;Guard;8.0;24.0;
1007076;listto;Guard;8.0;24.0;
1007077;__nadine;Teleporter;8.0;25.0;
1007078;pano;Npc;8.0;21.5;
1007079;barder;Npc;8.0;17.0;
1007080;clavier;Teleporter;8.0;25.0;
1007081;helvetia;Merchant;8.0;25.3;
1007082;denkus;Merchant;8.0;24.0;
1007083;pochi;Npc;8.0;17.0;
1007084;grabner;Merchant;10.0;24.0;
1007085;stany;Merchant;10.0;24.0;
1007086;taurin;Npc;8.0;17.0;
1007087;phojett;Merchant;7.0;23.0;
1007088;radia;Merchant;8.0;25.3;
1007089;__unter;Npc;8.0;17.0;
1007090;sandra;Merchant;8.0;25.3;
1007091;elliany;Merchant;7.0;23.0;
1007092;collob;Npc;8.0;17.0;
1007093;groot;Merchant;10.0;24.0;
1007094;gentler;Merchant;8.0;24.0;
1007095;landolf;Npc;8.0;17.0;
1007096;__pras;Npc;8.0;17.0;
1007097;galladuchi;Merchant;8.0;17.0;
1007098;alexandria;Merchant;8.0;25.3;
1007099;__strant;Merchant;10.0;24.0;
1007100;__emilia;Merchant;7.0;23.0;
1007101;__oys;Npc;8.0;17.0;
1007102;__trechel;Npc;8.0;17.0;
1007103;valkon;Npc;8.0;17.0;
1007104;parman;Npc;8.0;17.0;
1007105;genwiter;Trainer;8.0;23.0;
1007106;dufner;Trainer;8.0;23.0;
1007107;goldian;Guard;8.0;23.5;
1007108;macken;Trainer;8.0;23.0;
1007109;hannavalt;Npc;8.0;23.5;
1007110;iker;Trainer;8.0;23.0;
1007111;dieter;Trainer;8.0;23.0;
1007112;clinch;Npc;8.0;22.5;
1007113;juria;Merchant;8.0;24.0;
1007114;roa;Trainer;8.0;23.5;
1007115;jurek;Npc;8.0;24.0;
1007116;dustin;Trainer;8.0;23.0;
1007117;primoz;Trainer;8.0;23.0;
1007118;pupina;Trainer;8.0;22.5;
1007119;isabellin;Npc;7.0;25.5;
1007120;maximilian;Npc;8.0;24.0;
1007121;jeronin;Guard;8.0;24.0;
1007122;blas;Guard;8.0;24.0;
1007123;vesa;Guard;8.0;24.0;
1007124;zerome;Guard;8.0;24.0;
1007125;beltkem;Guard;8.0;24.0;
1007126;rarshints;Guard;8.0;24.0;
1007127;__remi;Guard;8.0;24.0;
1007128;atanas;Guard;8.0;24.0;
1007129;jundin;Npc;8.0;22.3;
1007130;undres;Npc;8.0;22.3;
1007131;poeny;Npc;8.0;24.5;
1007132;cecon;Npc;8.0;22.3;
1007133;karta;Npc;8.0;24.5;
1007134;jasmine;Teleporter;8.0;25.0;
1007135;iria;Merchant;8.0;24.5;
1007136;paint;Merchant;8.0;22.5;
1007137;vollodos;Merchant;8.0;22.5;
1007138;mina;Merchant;8.0;24.5;
1007139;doran;Merchant;8.0;22.5;
1007140;ervic;Merchant;8.0;22.5;
1007141;redry;Npc;8.0;22.3;
1007142;__harant;Trainer;8.0;23.0;
1007143;trudy;Trainer;8.0;23.0;
1007144;harne;Trainer;8.0;24.0;
1007145;vlasti;Trainer;8.0;22.0;
1007146;mint;Npc;7.0;25.5;
1007147;uno;Merchant;6.0;24.5;
1007148;ariel;Merchant;8.0;24.0;
1007149;cel;Merchant;6.0;24.5;
1007150;green;Merchant;6.0;24.5;
1007151;chad;Merchant;6.0;24.5;
1007152;jud;Npc;7.0;25.5;
1007153;markus;Merchant;6.0;24.5;
1007154;ozzy;Npc;8.0;22.5;
1007155;elliasin;Npc;7.0;25.5;
1007156;cob;Guard;8.0;23.5;
1007157;grain;Merchant;8.0;24.0;
1007158;eso;Npc;8.0;22.5;
1007159;__nuno;Merchant;6.0;24.5;
1007160;__haart;Npc;7.0;25.5;
1007161;__purine;Npc;7.0;25.5;
1007162;karin;Teleporter;8.0;25.0;
1007163;rex;Merchant;8.0;24.0;
1007164;iz;Merchant;8.0;24.0;
1007165;rapin;Merchant;8.0;24.0;
1007166;bandor;Merchant;10.0;24.0;
1007167;__dubean;Merchant;8.0;17.0;
1007168;__kurt;Merchant;8.0;17.0;
1007169;marty;Npc;8.0;17.0;
1007170;radic;Npc;8.0;17.0;
1007171;az;Trainer;8.0;23.0;
1007172;__austin;Trainer;8.0;23.5;
1007173;__valreri;Trainer;8.0;23.0;
1007174;biralri;Merchant;8.0;24.0;
1007175;fairen;Trainer;8.0;24.0;
1007176;yan;Npc;8.0;23.0;
1007177;valentina;Teleporter;8.0;25.0;
1007178;zenkin;Merchant;10.0;24.0;
1007179;raudia;Merchant;8.0;25.3;
1007180;sara;Merchant;7.0;23.0;
1007181;galicbredo;Merchant;10.0;24.0;
1007182;cliff;Npc;8.0;17.0;
1007183;hagger;Npc;8.0;17.0;
1007184;rigol;Trainer;8.0;23.0;
1007185;taniac;Trainer;8.0;23.0;
1007186;bhan;Guard;8.0;23.5;
1007187;kai;Npc;8.0;23.5;
1007188;vadin;Trainer;8.0;23.0;
1007189;rovia;Merchant;8.0;24.0;
1007190;phanovia;Trainer;8.0;23.5;
1007191;hollin;Npc;8.0;24.0;
1007192;darvi;Trainer;8.0;23.0;
1007193;__eskil;Trainer;8.0;23.0;
1007194;guyder;Trainer;8.0;22.0;
1007195;brecson;Npc;8.0;23.0;
1007196;mouen;Guard;8.0;24.0;
1007197;heiac;Guard;8.0;24.0;
1007198;jerin;Guard;8.0;24.0;
1007199;yaik;Guard;8.0;24.0;
1007200;stan;Guard;8.0;24.0;
1007201;pinaps;Guard;8.0;24.0;
1007202;__madoka;Teleporter;8.0;25.0;
1007203;__spartoi_summon;Monster;11.0;25.0;
1007204;__chair;Monster;13.0;21.0;
1007205;__ring;Guard;8.0;24.0;
1007206;__elrara;Guard;8.0;24.0;
1007207;trader_arodin;Merchant;10.0;24.0;
1007208;trader_daeronees;Merchant;8.0;24.0;
1007209;trader_cullinas;Merchant;8.0;25.3;
1007210;warehouse_keeper_norman;Npc;8.0;17.0;
1007211;__trader_otto;Merchant;8.0;24.0;
1007212;__trader_glastone;Merchant;10.0;24.0;
1007213;__trader_christiana;Merchant;7.0;23.0;
1007214;__warehouse_keeper_galliot;Npc;8.0;17.0;
1007215;__gatekeeper_angelina;Teleporter;8.0;25.0;
1007216;sentinel_wheelendel;Guard;8.0;23.5;
1007217;sentinel_berryos;Guard;8.0;23.5;
1007218;sentinel_kendnell;Guard;8.0;23.5;
1007219;sentinel_veltress;Guard;8.0;23.5;
1007220;sentinel_stardyen;Guard;8.0;23.5;
1007221;sentinel_rayjien;Guard;8.0;23.5;
1007222;moneylender_alshupes;Merchant;6.0;24.5;
1007223;arujien;Merchant;6.0;24.5;
1007224;sentry_knight_railra;Guard;7.0;25.0;
1007225;__trader_woodrow;Merchant;8.0;24.0;
1007226;__trader_woodley;Merchant;8.0;24.0;
1007227;__trader_holly;Merchant;7.0;23.0;
1007228;__warehouse_keeper_romp;Npc;8.0;17.0;
1007229;__gatekeeper_elisabeth;Teleporter;8.0;25.0;
1007230;trader_edroc;Merchant;8.0;24.0;
1007231;trader_garette;Merchant;8.0;24.0;
1007232;warehouse_keeper_sorint;Npc;8.0;17.0;
1007233;gatekeeper_esmeralda;Teleporter;8.0;25.0;
1007234;__trader_exsang;Merchant;8.0;24.0;
1007235;__trader_monellia;Merchant;7.0;23.0;
1007236;__warehouse_keeper_klug;Npc;8.0;17.0;
1007237;__gatekeeper_rosalrina;Teleporter;8.0;25.0;
1007238;__wasted7;Npc;9.5;22.5;
1007239;__wasted8;Guard;8.0;24.0;
1007240;__temp_trainer01;Guard;8.0;24.0;
1007241;__temp_trainer02;Guard;8.0;24.0;
1007242;__temp_trainer03;Guard;8.0;24.0;
1007243;__temp_trainer04;Guard;8.0;24.0;
1007244;__temp_trainer05;Guard;8.0;24.0;
1007245;__temp_trainer06;Guard;8.0;24.0;
1007246;__temp_trainer07;Guard;8.0;24.0;
1007247;__temp_trainer08;Guard;8.0;24.0;
1007248;__temp_trainer09;Guard;8.0;24.0;
1007249;__temp_trainer10;Guard;8.0;24.0;
1007250;gludio_holything;Npc;25.0;98.0;
1007251;__temp_castle_gate;Monster;20.0;31.0;
1007252;__temp_agit_keeper;Guard;8.0;24.0;
1007253;trader_simplon;Merchant;10.0;24.0;
1007254;trader_harmony;Merchant;7.0;23.0;
1007255;harprock;Npc;8.0;17.0;
1007256;gatekeeper_belladonna;Teleporter;8.0;25.0;
1007257;__sek_temp_npc001;Npc;8.0;17.0;
1007258;__sek_temp_npc002;Npc;8.0;17.0;
1007259;__sek_temp_npc003;Npc;8.0;17.0;
1007260;__sek_temp_npc004;Npc;8.0;17.0;
1007261;__sek_temp_npc005;Npc;8.0;17.0;
1007262;__sek_temp_npc006;Npc;8.0;17.0;
1007263;__sek_temp_npc007;Npc;8.0;17.0;
1007264;__sek_temp_npc008;Npc;8.0;17.0;
1007265;__sek_temp_npc009;Guard;8.0;24.0;
1007266;__sek_temp_npc010;Guard;8.0;24.0;
1007267;__sek_temp_npc011;Guard;8.0;24.0;
1007268;__sek_temp_npc012;Guard;8.0;24.0;
1007269;__sek_temp_npc013;Guard;8.0;24.0;
1007270;__sek_temp_npc014;Guard;8.0;24.0;
1007271;__sek_temp_npc015;Guard;8.0;24.0;
1007272;__sek_temp_npc016;Guard;8.0;24.0;
1007273;__sek_temp_npc017;Trainer;8.0;23.0;
1007274;__sek_temp_npc018;Npc;8.0;17.0;
1007275;__sek_temp_npc019;Npc;8.0;17.0;
1007276;__sek_temp_npc020;Npc;8.0;17.0;
1007277;__sek_temp_npc021;Npc;8.0;17.0;
1007278;__sek_temp_npc022;Npc;8.0;17.0;
1007279;__sek_temp_npc023;Npc;8.0;17.0;
1007280;__sek_temp_npc024;Npc;8.0;17.0;
1007281;__sek_temp_npc025;Npc;8.0;17.0;
1007282;__sek_temp_npc026;Npc;8.0;17.0;
1007283;blacksmith_alltran;Npc;8.0;17.0;
1007284;alberryus;Guard;8.0;23.5;
1007285;sentinel_gartrandell;Guard;8.0;23.5;
1007286;__rekard;Npc;8.0;22.0;
1007287;__royens_ghost;Npc;8.0;22.0;
1007288;master_rains;Npc;8.0;23.5;
1007289;bishop_raimund;Npc;8.0;24.0;
1007290;master_xenos;Npc;8.0;23.0;
1007291;alankell;Guard;8.0;24.0;
1007292;__trader_corolla;Merchant;8.0;25.3;
1007293;father_manuell;Npc;8.0;22.5;
1007294;trader_varanket;Merchant;8.0;24.0;
1007295;__gogent;Npc;8.0;22.0;
1007296;__illenias;Npc;8.0;22.0;
1007297;master_tobias;Npc;8.0;23.0;
1007298;blacksmith_pinter;Npc;8.0;17.0;
1007299;__traveler_shaneryss;Npc;8.0;22.0;
1007300;blacksmith_pushkin;Npc;8.0;17.0;
1007301;trader_hallypia;Merchant;7.0;23.0;
1007302;__trader_fleming;Merchant;10.0;24.0;
1007303;__trainer_raien;Npc;7.0;25.5;
1007304;__lich_king_icarus;Npc;7.0;25.5;
1007305;tetrarch_vellior;Npc;8.0;22.3;
1007306;__magister_miriam;Trainer;8.0;23.0;
1007307;blacksmith_karoyd;Npc;7.0;23.0;
1007308;__ranger;Npc;8.0;22.0;
1007309;__custodian_vanetia;Npc;7.0;25.5;
1007310;__custodian_scarlet;Npc;7.0;25.5;
1007311;sir_collin_windawood;Guard;7.0;24.0;
1007312;rockswell;Npc;8.0;21.5;
1007313;trader_acellopy;Merchant;7.0;23.0;
1007314;trader_nestle;Merchant;8.0;24.0;
1007315;trader_poesia;Merchant;7.0;23.0;
1007316;warehouse_keeper_raut;Npc;8.0;17.0;
1007317;blacksmith_kluto;Npc;8.0;17.0;
1007318;__tess_grayrock;Npc;8.0;17.0;
1007319;__master_glandell;Guard;8.0;19.0;
1007320;gatekeeper_richlin;Teleporter;8.0;25.0;
1007321;trader_sydney;Merchant;7.0;23.0;
1007322;warehouse_keeper_balcon;Npc;8.0;17.0;
1007323;__teamoss_grayrock;Npc;8.0;17.0;
1007324;__master_tapoon;Guard;8.0;19.0;
1007325;master_audiberti;Trainer;8.0;23.0;
1007326;master_leona;Trainer;9.5;22.4;
1007327;master_sorius;Guard;8.0;23.5;
1007328;master_reoria;Npc;7.0;25.5;
1007329;master_virgil;Trainer;8.0;23.0;
1007330;master_sidra;Trainer;8.0;24.0;
1007331;guard_thoma;Guard;8.0;24.0;
1007332;captain_bathia;Guard;8.0;24.0;
1007333;guard_praga;Guard;8.0;24.0;
1007334;guard_babenco;Guard;8.0;24.0;
1007335;guard_brynner;Guard;8.0;24.0;
1007336;guard_curtiz;Guard;8.0;24.0;
1007337;guard_moretti;Guard;8.0;24.0;
1007338;guard_melville;Guard;8.0;24.0;
1007339;__master_drikus;Trainer;8.0;28.5;
1007340;__becker;Npc;8.0;22.0;
1007341;__edna;Npc;8.0;21.5;
1007342;varsak;Npc;8.0;22.0;
1007343;__emma;Npc;8.0;21.5;
1007344;magister_rohmer;Trainer;8.0;23.0;
1007345;magister_ramoniell;Merchant;8.0;24.0;
1007346;sentry_kayleen;Guard;7.0;25.0;
1007347;sentry_marion;Guard;7.0;25.0;
1007348;sentry_nelsya;Guard;7.0;25.0;
1007349;sentry_jenine;Guard;7.0;25.0;
1007350;calculain;Npc;8.0;17.0;
1007351;astaron;Npc;7.0;23.0;
1007352;karinar;Npc;8.0;23.0;
1007353;jughead;Npc;7.0;23.0;
1007354;jewel;Npc;8.0;23.0;
1007355;sentry_roseline;Guard;7.0;25.0;
1007356;sentry_altimees;Guard;7.0;25.0;
1007357;sentry_krpion;Guard;7.0;25.0;
1007358;tetrarch_thifiell;Npc;8.0;22.3;
1007359;tetrarch_kaitar;Npc;8.0;22.3;
1007360;master_harant;Trainer;8.0;23.0;
1007361;rizraell;Npc;7.0;25.5;
1007362;andellria;Npc;7.0;25.5;
1007363;blacksmith_aios;Merchant;6.0;24.5;
1007364;__abyssal_celebrant_cecktinon;Npc;7.0;25.5;
1007365;__master_raien;Npc;7.0;25.5;
1007366;__wharf_manager_phillion;Npc;7.0;25.5;
1007367;__widow_cristel;Npc;7.0;25.5;
1007368;rylith;Npc;7.0;25.5;
1007369;master_baenedes;Guard;8.0;23.5;
1007370;nerupa;Monster;15.0;26.0;
1007371;thalya;Npc;7.0;25.5;
1007372;__magister_vlasty;Npc;7.0;25.5;
1007373;grandmaster_ramos;Npc;8.0;23.5;
1007374;master_rhodiell;Npc;7.0;25.5;
1007375;priest_adonius;Npc;8.0;22.5;
1007376;magister_nell;Merchant;8.0;24.0;
1007377;magister_talbot;Trainer;8.0;22.0;
1007378;master_escar;Trainer;8.0;23.0;
1007379;captain_bezique;Guard;8.0;24.0;
1007380;guard_plink;Guard;8.0;24.0;
1007381;guard_alvah;Guard;8.0;24.0;
1007382;guard_leikan;Guard;8.0;24.0;
1007383;guard_scott;Guard;8.0;24.0;
1007384;guard_lynchuss;Guard;8.0;24.0;
1007385;guard_weisz;Guard;8.0;24.0;
1007386;guard_luis;Guard;8.0;24.0;
1007387;wharf_manager_clancy;Npc;8.0;23.0;
1007388;__rivert;Npc;8.0;22.0;
1007389;__lucyen;Npc;8.0;21.5;
1007390;__beccont;Npc;8.0;22.0;
1007391;parina;Npc;8.0;20.5;
1007392;__sir_ronarth_windawood;Guard;7.0;24.0;
1007393;__guard_samuel;Guard;8.0;24.0;
1007394;__guard_keeper;Guard;8.0;24.0;
1007395;__guard_caden;Guard;8.0;24.0;
1007396;__guard_bannen;Guard;8.0;24.0;
1007397;__guard_rainus;Guard;8.0;24.0;
1007398;__guard_otway;Guard;8.0;24.0;
1007399;__guard_wycherley;Guard;8.0;24.0;
1007400;mother_temp_a;Guard;8.0;23.5;
1007401;mother_temp_b;Guard;8.0;23.5;
1007402;mother_temp_c;Guard;8.0;23.5;
1007403;mother_temp_d;Guard;8.0;23.5;
1007404;prakia;Npc;8.0;22.3;
1007405;marius;Merchant;6.0;24.5;
1007406;matheo;Npc;8.0;21.5;
1007407;mesella;Npc;8.0;21.5;
1007408;lemoniell;Npc;8.0;21.5;
1007409;earth_snake;Monster;34.0;25.0;
1007410;lizardman_of_wasteland;Monster;10.0;23.0;
1007411;flame_salamander;Monster;16.0;6.7;
1007412;wind_sylph;Monster;11.0;35.0;
1007413;water_undine;Monster;12.0;27.0;
1007414;rogellia;Npc;7.0;25.5;
1007415;charkeren;Npc;7.0;23.0;
1007416;triskel;Npc;7.0;23.0;
1007417;sir_karrel_vasper;Guard;7.0;24.0;
1007418;annsery;Npc;8.0;23.0;
1007419;arkenia;Npc;8.0;24.5;
1007420;tweety;Merchant;8.0;24.5;
1007421;varika;Npc;8.0;24.5;
1007422;kalinta;Npc;8.0;24.5;
1007423;northwindel;Merchant;6.0;24.5;
1007424;allana;Trainer;8.0;22.5;
1007425;neti;Npc;8.0;21.5;
1007426;prigun;Npc;8.0;23.0;
1007427;gatekeeper_ciffon;Teleporter;8.0;25.0;
1007428;perrin;Npc;8.0;23.0;
1007429;gatekeeper_tiramisu;Teleporter;8.0;25.0;
1007430;sentinel_trionell;Guard;8.0;23.5;
1007431;sentinel_eriel;Guard;8.0;23.5;
1007432;sentry_irine;Guard;7.0;25.0;
1007433;sentry_cathyday;Guard;7.0;25.0;
1007434;samed;Npc;8.0;23.0;
1007435;leopold;Trainer;8.0;23.0;
1007436;trader_salient;Merchant;10.0;24.0;
1007437;trader_rolento;Merchant;8.0;17.0;
1007438;__sm_king_bugbear;Monster;15.0;40.0;
1007439;__sm_skeleton_royal_guard;Monster;11.0;29.0;
1007440;__sm_hunter_gargoyle;Monster;14.0;14.5;
1007441;__temp_lord;Npc;7.0;23.0;
1007442;__temp_royal_guardmaster;Guard;7.0;24.0;
1007443;__temp_royal_guard;Guard;7.0;24.0;
1007444;duke_lewin_waldner;Npc;7.0;23.0;
1007445;sir_cronenberg;Guard;7.0;24.0;
1007446;__court_guard_sirk;Guard;7.0;24.0;
1007447;__court_guard_fassbinder;Guard;7.0;24.0;
1007448;__court_guard_sollas;Guard;7.0;24.0;
1007449;__court_guard_dario;Guard;7.0;24.0;
1007450;__court_guard_littin;Guard;7.0;24.0;
1007451;__captain_philromas;Guard;8.0;24.0;
1007452;guard_kurtys;Guard;8.0;24.0;
1007453;__guard_singleton;Guard;8.0;24.0;
1007454;__guard_frings;Guard;8.0;24.0;
1007455;__riveta;Npc;8.0;21.5;
1007456;__gadell;Npc;8.0;22.0;
1007457;__tonia;Npc;8.0;21.5;
1007458;blacksmith_poitan;Npc;8.0;17.0;
1007459;master_wandius;Guard;8.0;23.5;
1007460;master_cardien;Npc;7.0;25.5;
1007461;magister_mirien;Merchant;8.0;24.0;
1007462;grandmaster_tronix;Npc;8.0;23.0;
1007463;master_ixia;Trainer;8.0;23.0;
1007464;magister_clayton;Trainer;8.0;22.0;
1007465;guard_herven;Guard;8.0;24.0;
1007466;guard_bright;Guard;8.0;24.0;
1007467;__arborn;Npc;8.0;22.0;
1007468;__marion;Npc;8.0;21.5;
1007469;jonas;Npc;8.0;22.0;
1007470;__thieri;Npc;8.0;21.5;
1007471;blacksmith_rupio;Npc;8.0;17.0;
1007472;master_riberia;Npc;7.0;25.5;
1007473;priest_bandellos;Npc;8.0;22.5;
1007474;grandmaster_angus;Npc;8.0;23.0;
1007475;master_stapiin;Trainer;8.0;23.0;
1007476;magister_kaira;Trainer;8.0;24.0;
1007477;sir_ortho_lancer;Guard;7.0;24.0;
1007478;guard_reikin;Guard;8.0;24.0;
1007479;__avon;Merchant;8.0;24.0;
1007480;__olivier;Merchant;8.0;25.3;
1007481;__bennings;Merchant;10.0;24.0;
1007482;__cynthia;Merchant;7.0;23.0;
1007483;gatekeeper_mozzarella;Teleporter;8.0;25.0;
1007484;gatekeeper_pontina;Teleporter;8.0;25.0;
1007485;gatekeeper_capellini;Teleporter;8.0;25.0;
1007486;gatekeeper_havarti;Teleporter;8.0;25.0;
1007487;gatekeeper_penne;Teleporter;8.0;25.0;
1007488;gludio_defend_teleporter1;Guard;8.0;24.0;
1007489;gludio_defend_teleporter2;Guard;8.0;24.0;
1007490;gludio_defend_teleporter3;Guard;8.0;24.0;
1007491;gludio_mass_teleporter;Guard;8.0;24.0;
1007492;gludio_outter_doorman;Guard;8.0;24.0;
1007493;gludio_inner_doorman;Guard;8.0;24.0;
1007494;castle_trader_brighum;Guard;8.0;24.0;
1007495;ol_mahum_steward_tamutak;Monster;14.0;27.0;
1007496;partisan_ordery_brakel;Monster;14.0;27.0;
1007497;edmond;Npc;8.0;22.0;
1007498;warehouse_chief_moke;Npc;8.0;17.0;
1007499;head_blacksmith_tapoy;Npc;8.0;17.0;
1007500;high_prefect_osborn;Guard;8.0;27.0;
1007501;prefect_kasman;Trainer;8.0;28.5;
1007502;seer_umos;Guard;8.0;27.0;
1007503;warehouse_chief_rikadio;Npc;8.0;17.0;
1007504;head_blacksmith_mendio;Npc;8.0;17.0;
1007505;high_prefect_drikus;Guard;8.0;27.0;
1007506;prefect_buka;Trainer;8.0;28.5;
1007507;seer_racoy;Guard;8.0;27.0;
1007508;high_prefect_cional;Guard;8.0;27.0;
1007509;prefect_dowki;Trainer;8.0;28.5;
1007510;seer_somak;Guard;8.0;27.0;
1007511;warehouse_chief_gesto;Npc;8.0;17.0;
1007512;head_blacksmith_kusto;Npc;8.0;17.0;
1007513;high_prefect_penatus;Guard;8.0;27.0;
1007514;prefect_vokiyan;Trainer;8.0;28.5;
1007515;seer_manakia;Guard;8.0;27.0;
1007516;trader_reep;Merchant;8.0;17.0;
1007517;trader_chali;Merchant;7.0;18.5;
1007518;trader_garita;Merchant;8.0;17.0;
1007519;trader_mion;Merchant;7.0;18.5;
1007520;warehouse_chief_reed;Npc;8.0;17.0;
1007521;warehouse_murphrin;Npc;8.0;17.0;
1007522;warehouse_airy;Merchant;7.0;18.5;
1007523;collector_gouph;Trainer;8.0;17.5;
1007524;collector_pipi;Trainer;8.0;17.5;
1007525;head_blacksmith_bronk;Npc;8.0;17.0;
1007526;blacksmith_bronp;Npc;8.0;17.0;
1007527;blacksmith_silvery;Npc;8.0;17.5;
1007528;foreman_laferon;Guard;8.0;19.0;
1007529;miner_maron;Npc;8.0;19.7;
1007530;miner_mai;Trainer;8.0;18.5;
1007531;first_elder_lockirin;Npc;8.0;17.0;
1007532;elder_spiron;Merchant;8.0;17.0;
1007533;elder_balanki;Merchant;8.0;17.0;
1007534;elder_keef;Npc;8.0;18.4;
1007535;elder_filaur;Npc;8.0;19.7;
1007536;elder_arin;Npc;8.0;17.0;
1007537;daichir_priest_of_earth;Npc;8.0;17.5;
1007538;zimenf_priest_of_earth;Npc;8.0;17.5;
1007539;chichirin;Merchant;7.0;18.5;
1007540;gatekeeper_wirphy;Teleporter;8.0;21.3;
1007541;protector_paion;Guard;8.0;19.0;
1007542;defender_runant;Guard;8.0;19.0;
1007543;defender_eoton;Guard;8.0;19.0;
1007544;defender_cromwell;Guard;8.0;19.0;
1007545;defender_proton;Guard;8.0;19.0;
1007546;defender_dinkey;Guard;8.0;19.0;
1007547;defender_tardyon;Guard;8.0;19.0;
1007548;defender_nathan;Guard;8.0;19.0;
1007549;ghouliff_droopstone;Merchant;8.0;17.0;
1007550;gauri_twinklerock;Merchant;7.0;18.5;
1007551;tink_wandergold;Merchant;8.0;17.0;
1007552;kiriri_sparkystone;Merchant;7.0;18.5;
1007553;marife_redbonnet;Merchant;7.0;18.5;
1007554;miner_bolter;Npc;8.0;19.7;
1007555;carrier_torocco;Merchant;8.0;17.0;
1007556;master_toma;Npc;8.0;18.4;
1007557;torai;Merchant;8.0;17.0;
1007558;trader_jakaron;Merchant;8.0;23.5;
1007559;trader_kunai;Merchant;8.0;24.0;
1007560;trader_uska;Merchant;8.0;23.5;
1007561;trader_papuma;Merchant;8.0;23.5;
1007562;warehouse_grookin;Merchant;8.0;23.5;
1007563;warehouse_imantu;Merchant;8.0;23.5;
1007564;blacksmith_sumari;Merchant;8.0;23.5;
1007565;kakai_the_lord_of_flame;Trainer;8.0;28.5;
1007566;atuba_chief_varkees;Guard;8.0;27.0;
1007567;neruga_chief_tantus;Guard;8.0;27.0;
1007568;urutu_chief_hatos;Guard;8.0;27.0;
1007569;prefect_brukurse;Trainer;8.0;28.5;
1007570;prefect_karukia;Merchant;8.0;24.0;
1007571;seer_tanapi;Guard;8.0;27.0;
1007572;seer_livina;Merchant;8.0;24.0;
1007573;guardian_vullkus;Trainer;8.0;28.5;
1007574;tokum_priest_of_fire;Guard;8.0;27.0;
1007575;shela_priestess_of_fire;Merchant;8.0;24.0;
1007576;gatekeeper_tamil;Merchant;8.0;24.0;
1007577;praetorian_rukain;Guard;8.0;27.0;
1007578;centurion_nakusin;Guard;8.0;27.0;
1007579;centurion_tamai;Guard;8.0;27.0;
1007580;centurion_parugon;Guard;8.0;27.0;
1007581;centurion_orinak;Guard;8.0;27.0;
1007582;centurion_tiku;Guard;8.0;27.0;
1007583;centurion_petukai;Guard;8.0;27.0;
1007584;centurion_vapook;Guard;8.0;27.0;
1007585;tataru_zu_hestui;Merchant;8.0;23.5;
1007586;anai_zu_neruga;Merchant;8.0;24.0;
1007587;gantaki_zu_urutu;Merchant;8.0;23.5;
1007588;takia_zu_dudamara;Merchant;8.0;24.0;
1007589;kazkin_zu_gandi;Merchant;8.0;23.5;
1007590;khavatari_rosheek;Trainer;8.0;28.5;
1007591;khavatari_toruku;Trainer;8.0;28.5;
1007592;hestui_totem_spirit;Monster;14.0;40.0;
1007593;dudamara_totem_spirit;Monster;26.0;25.5;
1007594;warehouse_chief_ranspo;Npc;8.0;17.0;
1007595;head_blacksmith_opix;Npc;8.0;17.0;
1007596;partisan_doorman_harkel;Monster;13.5;25.0;
1007597;piotur;Npc;8.0;22.0;
1007598;guide_human_cnacelot;Trainer;8.0;23.0;
1007599;guide_elf_roios;Guard;8.0;23.5;
1007600;guide_delf_frankia;Npc;8.0;23.0;
1007601;guide_dwarf_gullin;Guard;8.0;19.0;
1007602;guide_orc_tanai;Guard;8.0;27.0;
1007603;__human_rescures;Merchant;8.0;25.3;
1007604;__elf_rescures;Npc;7.0;25.5;
1007605;__delf_rescures;Merchant;8.0;24.5;
1007606;__orc_rescures;Merchant;8.0;24.0;
1007607;__dwarf_rescures;Merchant;7.0;18.5;
1007608;marya;Npc;8.0;20.5;
1007609;astrologer_creta;Trainer;8.0;23.5;
1007610;sage_cronos;Npc;8.0;24.0;
1007611;drunkard_treaf;Merchant;8.0;17.0;
1007612;sage_kasian;Npc;8.0;24.0;
1007613;alders_spirit;Npc;8.0;22.0;
1007614;brother_metheus;Trainer;8.0;23.0;
1007615;breka_chief_voltar;Guard;8.0;27.0;
1007616;enku_chief_kepra;Guard;8.0;27.0;
1007617;turek_chief_burai;Guard;8.0;27.0;
1007618;lennunt_chief_harak;Guard;8.0;27.0;
1007619;vuku_chief_driko;Guard;8.0;27.0;
1007620;emilly;Npc;8.0;21.5;
1007621;maestro_nikola;Npc;8.0;17.0;
1007622;box_of_titan;Npc;12.0;9.0;
1007623;duelist_kaien;Trainer;8.0;23.0;
1007624;veteran_ascalon;Npc;8.0;23.0;
1007625;mason;Npc;8.0;23.0;
1007626;sagittarius_hamil;Trainer;8.0;23.0;
1007627;tree_q0225;Npc;28.0;139.0;
1007628;strong_wooden_chest;Npc;18.0;14.0;
1007629;bard_rukal;Merchant;6.0;24.5;
1007630;orim_the_shadow;Npc;8.0;23.0;
1007631;warden_roderik;Guard;8.0;24.0;
1007632;warden_endrigo;Guard;8.0;24.0;
1007633;fisher_evert;Npc;8.0;21.5;
1007634;high_summoner_galatea;Npc;8.0;23.0;
1007635;summoner_almors;Trainer;8.0;23.0;
1007636;summoner_camoniell;Merchant;8.0;24.0;
1007637;summoner_belthus;Trainer;8.0;22.0;
1007638;summoner_basillia;Trainer;8.0;23.5;
1007639;summoner_celestiel;Npc;8.0;22.5;
1007640;summoner_brynthea;Trainer;8.0;24.0;
1007641;dudamara_chief_takuna;Guard;8.0;27.0;
1007642;gandi_chief_chianta;Guard;8.0;27.0;
1007643;first_orc;Trainer;8.0;28.5;
1007644;kash;Npc;8.0;21.5;
1007645;martian;Npc;8.0;22.0;
1007646;raldo;Trainer;8.0;23.0;
1007647;chest_of_shyslassys;Npc;12.0;9.0;
1007648;hermit_santiago;Merchant;10.0;24.0;
1007649;ancestor_martankus;Npc;110.0;103.0;
1007650;gerald_priest_of_earth;Merchant;7.0;18.5;
1007651;wanderer_dorf;Merchant;8.0;17.0;
1007652;uruha;Npc;8.0;23.0;
1007653;sir_aron_tanford;Guard;7.0;24.0;
1007654;sir_kiel_nighthawk;Trainer;8.0;23.0;
1007655;isael_silvershadow;Trainer;9.5;22.4;
1007656;spirit_of_sir_talianus;Guard;7.0;24.0;
1007657;cardinal_seresin;Trainer;8.0;22.5;
1007658;father_gupu;Merchant;8.0;17.0;
1007659;orphan_girl;Merchant;7.0;18.5;
1007660;windy_shaoring;Trainer;8.0;17.5;
1007661;mystery_darkelf;Npc;8.0;23.0;
1007662;piper_longbow;Npc;7.0;25.5;
1007663;slein_shining_blade;Guard;8.0;23.5;
1007664;kein_flying_knife;Guard;8.0;23.5;
1007665;saint_kristina;Trainer;8.0;22.5;
1007666;preacher_sla;Trainer;8.0;23.5;
1007667;ramus;Npc;8.0;21.5;
1007668;katari;Npc;8.0;23.0;
1007669;kakan;Merchant;8.0;24.0;
1007670;nyakuri;Merchant;7.0;18.5;
1007671;chief_croto;Guard;8.0;27.0;
1007672;jailer_dubabah;Guard;8.0;27.0;
1007673;researcher_lorain;Trainer;8.0;17.5;
1007674;daurin_hammercrush;Merchant;8.0;17.0;
1007675;corpse_of_kamur;Merchant;22.0;23.5;
1007676;warehouse_chief_croop;Npc;8.0;17.0;
1007677;head_blacksmith_flutter;Npc;8.0;17.0;
1007678;blacksmith_helton;Npc;8.0;17.0;
1007679;master_roameria;Npc;7.0;25.5;
1007680;priest_egnos;Npc;8.0;22.5;
1007681;high_prefect_karia;Merchant;8.0;24.0;
1007682;seer_pekiron;Guard;8.0;27.0;
1007683;prefect_daunt;Trainer;8.0;28.5;
1007684;trader_viktor;Merchant;8.0;24.0;
1007685;warehouse_chief_baxt;Npc;8.0;17.0;
1007686;warehouse_keeper_silva;Merchant;7.0;18.5;
1007687;head_blacksmith_vergara;Npc;8.0;17.0;
1007688;blacksmith_duning;Npc;8.0;17.0;
1007689;grandmaster_siria;Npc;8.0;21.5;
1007690;master_luther;Trainer;8.0;23.0;
1007691;master_aren_atebalt;Trainer;8.0;23.0;
1007692;master_stedmiel;Guard;8.0;23.5;
1007693;master_queenien;Npc;7.0;25.5;
1007694;grandmagister_scraide;Npc;8.0;24.0;
1007695;magister_moses;Trainer;8.0;23.0;
1007696;magister_page;Trainer;8.0;23.5;
1007697;magister_videlrien;Merchant;8.0;24.0;
1007698;magister_evelyn;Merchant;8.0;24.0;
1007699;grandmaster_medown;Npc;8.0;23.0;
1007700;master_prestan;Trainer;8.0;23.0;
1007701;magister_errickin;Trainer;8.0;22.0;
1007702;union_president_bernard;Npc;8.0;23.0;
1007703;union_member_colin;Npc;8.0;23.0;
1007704;high_prefect_garvarentz;Guard;8.0;27.0;
1007705;prefect_chakiris;Trainer;8.0;28.5;
1007706;seer_lazenby;Guard;8.0;27.0;
1007707;captain_raigen;Guard;8.0;24.0;
1007708;guard_nasign;Guard;8.0;24.0;
1007709;guard_norton;Guard;8.0;24.0;
1007710;guard_wesley;Guard;8.0;24.0;
1007711;guard_byron;Guard;8.0;24.0;
1007712;guard_makhis;Guard;8.0;24.0;
1007713;guard_gardner;Guard;8.0;24.0;
1007714;guard_paros;Guard;8.0;24.0;
1007715;magister_marina;Trainer;8.0;23.5;
1007716;gatekeeper_cecile;Teleporter;8.0;25.0;
1007717;magister_gauen;Npc;8.0;22.5;
1007718;magister_joan;Merchant;8.0;24.0;
1007719;gatekeeper_mariell;Npc;7.0;25.5;
1007720;magister_kaiena;Trainer;8.0;24.0;
1007721;magister_ladd;Trainer;8.0;22.0;
1007722;gatekeeper_merian;Teleporter;8.0;25.0;
1007723;captain_roy;Guard;8.0;24.0;
1007724;guard_tavillian;Guard;8.0;24.0;
1007725;guard_yening;Guard;8.0;24.0;
1007726;guard_tebose;Guard;8.0;24.0;
1007727;gatekeeper_verona;Teleporter;8.0;25.0;
1007728;militiaman_leirynn;Trainer;9.5;22.4;
1007729;drunkard_borys;Npc;8.0;23.0;
1007730;bodyguard_jax;Guard;8.0;24.0;
1007731;pet_manager_martin;Merchant;8.0;24.0;
1007732;ol_mahum_pilgrim;Monster;13.5;25.0;
1007733;bowman;Guard;8.0;24.0;
1007734;supply_box_on_wharf;Npc;18.0;14.0;
1007735;sophia;Npc;8.0;21.5;
1007736;redfoot;Npc;8.0;21.5;
1007737;morgan;Merchant;10.0;24.0;
1007738;alchemist_matild;Merchant;7.0;18.5;
1007739;rservant_keltir;Monster;9.5;10.0;
1007740;rservant_toad;Monster;20.0;10.0;
1007741;rservant_rabbit;Monster;5.0;3.8;
1007742;fairy_rupina;Monster;5.0;25.0;
1007743;wisdom_chest;Npc;12.0;9.0;
1007744;grey;Merchant;10.0;24.0;
1007745;tor;Npc;8.0;21.5;
1007746;cybellin;Teleporter;8.0;25.0;
1007747;fairy_mymyu;Monster;5.0;25.0;
1007748;drake_exarion;Monster;35.0;68.0;
1007749;drake_zwov;Monster;35.0;68.0;
1007750;drake_kalibran;Monster;35.0;68.0;
1007751;wyrm_suzet;Monster;29.0;72.0;
1007752;wyrm_shamhai;Monster;29.0;72.0;
1007753;gabrielle;Trainer;9.5;22.4;
1007754;watcher_of_antaras_gilmore;Monster;10.0;25.0;
1007755;watcher_of_antaras_theodric;Monster;10.0;25.0;
1007756;sir_kristof_rodemai;Guard;7.0;24.0;
1007757;statue_of_offering;Npc;25.0;98.0;
1007758;witch_athrea;Npc;8.0;23.0;
1007759;witch_kalis;Npc;8.0;23.0;
1007760;sir_gustaf_athebaldt;Guard;7.0;24.0;
1007761;corpse_of_fritz;Guard;13.0;19.0;
1007762;corpse_of_lutz;Guard;13.0;19.0;
1007763;corpse_of_kurtz;Guard;13.0;19.0;
1007764;balthazar;Merchant;8.0;17.0;
1007765;imperial_coffer;Npc;12.0;9.5;
1007766;witch_cleo;Npc;8.0;23.0;
1007767;auction_dealer_human;Trainer;8.0;23.0;
1007768;auction_dealer_elf;Merchant;8.0;24.0;
1007769;auction_dealer_darkelf;Npc;8.0;23.0;
1007770;auction_dealer_dwarf;Merchant;7.0;18.5;
1007771;auction_dealer_orc;Merchant;8.0;24.0;
1007772;wilson;Npc;8.0;23.0;
1007773;todd;Npc;8.0;23.0;
1007774;ruben;Npc;8.0;23.0;
1007775;luce;Npc;8.0;23.0;
1007776;horner;Npc;8.0;23.0;
1007777;amiel;Npc;8.0;23.0;
1007778;bremmer;Npc;8.0;23.0;
1007779;faolan;Npc;8.0;23.0;
1007780;calis;Npc;8.0;23.0;
1007781;kogan;Npc;8.0;23.0;
1007782;winker;Npc;8.0;23.0;
1007783;merton;Npc;8.0;23.0;
1007784;black;Npc;8.0;23.0;
1007785;renny;Npc;8.0;23.0;
1007786;dillon;Npc;8.0;23.0;
1007787;latif;Npc;8.0;23.0;
1007788;boyer;Npc;8.0;23.0;
1007789;baback;Npc;8.0;23.0;
1007790;tim;Npc;8.0;23.0;
1007791;loring;Npc;8.0;23.0;
1007792;lowell;Merchant;6.0;24.5;
1007793;paranos;Merchant;6.0;24.5;
1007794;klingel;Merchant;6.0;24.5;
1007795;keffer;Merchant;6.0;24.5;
1007796;sand;Npc;8.0;23.0;
1007797;teters;Npc;8.0;23.0;
1007798;seth;Npc;8.0;23.0;
1007799;jabilo;Npc;8.0;23.0;
1007800;ron;Npc;8.0;23.0;
1007801;borna;Npc;8.0;23.0;
1007802;flynn;Npc;8.0;23.0;
1007803;jamal;Npc;8.0;23.0;
1007804;watkins;Npc;8.0;23.0;
1007805;cohen;Npc;8.0;23.0;
1007806;bint;Npc;8.0;23.0;
1007807;bourdon;Npc;8.0;23.0;
1007808;pery;Npc;8.0;23.0;
1007809;gampert;Npc;8.0;17.0;
1007810;gonti;Npc;8.0;17.0;
1007811;baraha;Merchant;8.0;23.5;
1007812;vanhal;Merchant;8.0;23.5;
1007813;dan;Npc;8.0;23.0;
1007814;briggs;Npc;8.0;23.0;
1007815;stegmann;Npc;8.0;23.0;
1007816;randolph;Npc;8.0;23.0;
1007817;trotter;Npc;8.0;23.0;
1007818;veder;Npc;8.0;23.0;
1007819;danas;Npc;8.0;23.0;
1007820;corey;Npc;8.0;23.0;
1007821;barney;Npc;8.0;23.0;
1007822;klett;Npc;8.0;23.0;
1007823;tairee;Npc;8.0;23.0;
1007824;tanner;Npc;8.0;23.0;
1007825;cresson;Npc;8.0;23.0;
1007826;crothers;Npc;8.0;23.0;
1007827;pet_manager_lundy;Merchant;8.0;24.0;
1007828;pet_manager_waters;Merchant;8.0;24.0;
1007829;pet_manager_cooper;Merchant;8.0;24.0;
1007830;pet_manager_joey;Merchant;8.0;24.0;
1007831;pet_manager_nelson;Merchant;8.0;24.0;
1007832;hardin;Npc;8.0;22.5;
1007833;master_kaspar;Npc;8.0;23.0;
1007834;magic_trader_cema;Npc;8.0;23.0;
1007835;lich_king_icarus;Monster;15.0;28.0;
1007836;gatekeeper_minevea;Teleporter;8.0;25.0;
1007837;trader_woodrow;Merchant;10.0;24.0;
1007838;trader_woodley;Merchant;10.0;24.0;
1007839;trader_holly;Merchant;7.0;23.0;
1007840;trader_lorenzo;Npc;8.0;22.0;
1007841;trader_carson;Merchant;8.0;24.0;
1007842;trader_alexis;Merchant;8.0;24.0;
1007843;warehouse_keeper_romp;Npc;8.0;17.0;
1007844;warehouse_keeper_walderal;Npc;8.0;17.0;
1007845;warehouse_chief_klump;Npc;8.0;17.0;
1007846;blacksmith_wilbert;Npc;8.0;17.0;
1007847;head_blacksmith_ferris;Npc;8.0;17.0;
1007848;gatekeeper_elisabeth;Teleporter;8.0;25.0;
1007849;grandmaster_sedrick;Guard;7.0;24.0;
1007850;master_aiken;Trainer;8.0;23.0;
1007851;master_kendra;Npc;8.0;21.5;
1007852;master_sidnen;Guard;8.0;23.5;
1007853;trainer_raien;Npc;7.0;25.5;
1007854;grandmagister_drikiyan;Npc;8.0;24.0;
1007855;magister_desmond;Trainer;8.0;23.0;
1007856;magister_winonin;Npc;7.0;25.5;
1007857;highpriest_orven;Npc;8.0;24.0;
1007858;priest_ross;Trainer;8.0;23.0;
1007859;priestess_vivian;Trainer;8.0;22.5;
1007860;priestess_flownia;Merchant;8.0;24.0;
1007861;priest_linette;Npc;8.0;22.5;
1007862;grandmaster_oltlin;Npc;8.0;23.0;
1007863;master_ghest;Trainer;8.0;23.0;
1007864;magister_hanellin;Trainer;8.0;24.0;
1007865;high_prefect_ladanza;Trainer;8.0;28.5;
1007866;prefect_marestella;Merchant;8.0;24.0;
1007867;seer_reva;Merchant;8.0;23.5;
1007868;sir_eric_rodemai;Guard;7.0;24.0;
1007869;pet_manager_lemper;Merchant;8.0;24.0;
1007870;captain_kurtis;Guard;8.0;24.0;
1007871;guard_bret;Guard;8.0;24.0;
1007872;guard_conroy;Guard;8.0;24.0;
1007873;guard_coleman;Guard;8.0;24.0;
1007874;guard_aldis;Guard;8.0;24.0;
1007875;guard_carlton;Guard;8.0;24.0;
1007876;guard_eastan;Guard;8.0;24.0;
1007877;guard_grayson;Guard;8.0;24.0;
1007878;gatekeeper_angelina;Teleporter;8.0;25.0;
1007879;wharf_manager_felton;Npc;8.0;23.0;
1007880;biktor_van_dake;Guard;7.0;24.0;
1007881;sanders;Npc;8.0;22.0;
1007882;oskar_blackbird;Guard;8.0;24.0;
1007883;venedict;Guard;8.0;24.0;
1007884;dino;Guard;8.0;24.0;
1007885;calder;Guard;8.0;24.0;
1007886;sutton;Guard;8.0;24.0;
1007887;harlow;Guard;8.0;24.0;
1007888;trent;Guard;8.0;24.0;
1007889;rowan;Guard;8.0;24.0;
1012001;queen_ant;Monster;45.0;53.0;
1012002;queen_ant_larva;Monster;12.0;8.0;
1012003;nurse_ant;Monster;26.0;15.0;
1012004;guard_ant;Monster;26.0;15.0;
1012005;royal_guard_ant;Monster;26.0;15.0;
1012006;cat_the_cat_a;Monster;9.0;16.0;
1012007;cat_the_cat_b;Monster;9.0;16.0;
1012008;cat_the_cat_c;Monster;9.0;16.0;
1012009;duke_lewin_waldner;Npc;7.0;23.0;
1012010;sir_cronenberg;Guard;7.0;24.0;
1012011;gludio_knight;Guard;7.0;24.0;
1012012;gludio_wizard;Guard;7.0;24.0;
1012013;gludio_cleric;Guard;7.0;24.0;
1012014;gludio_court_guard;Guard;7.0;24.0;
1012015;gludio_spear_guard_e;Guard;8.0;27.0;
1012016;gludio_sword_guard_e;Guard;8.0;27.0;
1012017;gludio_bow_guard_e;Guard;8.0;27.0;
1012018;gludio_spear_guard_de;Guard;7.0;25.0;
1012019;gludio_sword_guard_de;Guard;7.0;25.0;
1012020;gludio_bow_guard_de;Guard;7.0;25.0;
1012021;gludio_spear_guard_hu;Guard;8.0;24.0;
1012022;gludio_sword_guard_hu;Guard;8.0;24.0;
1012023;gludio_bow_guard_hu;Guard;8.0;24.0;
1012024;headquarter;Npc;15.0;23.5;
1012025;gludio_knight_s;Guard;7.0;24.0;
1012026;gludio_wizard_s;Guard;7.0;24.0;
1012027;gludio_cleric_s;Guard;7.0;24.0;
1012028;gludio_court_guard_s;Guard;7.0;24.0;
1012029;gludio_spear_guard_s_e;Guard;8.0;27.0;
1012030;gludio_sword_guard_s_e;Guard;8.0;27.0;
1012031;gludio_bow_guard_s_e;Guard;8.0;27.0;
1012032;gludio_spear_guard_s_de;Guard;7.0;25.0;
1012033;gludio_sword_guard_s_de;Guard;7.0;25.0;
1012034;gludio_bow_guard_s_de;Guard;7.0;25.0;
1012035;gludio_spear_guard_s_hu;Guard;8.0;24.0;
1012036;gludio_sword_guard_s_hu;Guard;8.0;24.0;
1012037;gludio_bow_guard_s_hu;Guard;8.0;24.0;
1012038;bloody_lord_nurka1;Monster;20.0;40.0;
1012039;partisan_healer1;Monster;26.0;15.0;
1012040;partisan_court_guard_sword1;Monster;14.0;27.0;
1012041;partisan_court_guard_bow1;Monster;14.0;25.0;
1012042;partisan_soldier1;Monster;13.5;25.0;
1012043;partisan_socerer1;Monster;26.0;15.0;
1012044;partisan_archer1;Monster;14.0;25.0;
1012045;bloody_lord_nurka2;Monster;20.0;40.0;
1012046;partisan_healer2;Monster;26.0;15.0;
1012047;partisan_court_guard_sword2;Monster;14.0;27.0;
1012048;partisan_court_guard_bow2;Monster;14.0;25.0;
1012049;partisan_soldier2;Monster;13.5;25.0;
1012050;partisan_socerer2;Monster;26.0;15.0;
1012051;partisan_archer2;Monster;14.0;25.0;
1012052;core;Npc;140.0;75.0;
1012053;teleport_cube;Npc;30.0;65.0;
1012054;b02_death_knight;Monster;14.0;29.0;
1012055;b02_death_blader;Monster;15.0;45.0;
1012056;b02_dicor;Monster;12.0;26.0;
1012057;b02_validus;Monster;15.0;29.0;
1012058;b02_susceptor;Monster;20.0;35.0;
1012059;b02_perum;Monster;18.0;32.0;
1012060;b02_premo;Monster;21.0;35.0;
1012061;cuti_cat_a;Monster;8.0;15.0;
1012062;cuti_cat_b;Monster;8.0;15.0;
1012063;cuti_cat_c;Monster;8.0;15.0;
1012064;unicorn_boxer_a;Monster;11.0;18.0;
1012065;unicorn_boxer_b;Monster;11.0;18.0;
1012066;unicorn_boxer_c;Monster;11.0;18.0;
1012067;unicorn_mirage_a;Monster;13.0;17.5;
1012068;unicorn_mirage_b;Monster;13.0;17.5;
1012069;unicorn_mirage_c;Monster;13.0;17.5;
1012070;shadow_a;Monster;10.0;30.0;
1012071;shadow_b;Monster;10.0;30.0;
1012072;shadow_c;Monster;10.0;30.0;
1012073;silhouette_a;Monster;8.0;23.0;
1012074;silhouette_b;Monster;8.0;23.0;
1012075;silhouette_c;Monster;8.0;23.0;
1012076;hatchling;Monster;9.0;10.0;
1012077;pet_wolf_a;Monster;13.0;11.5;
1012078;teleport_cube_a001;Npc;30.0;65.0;
1012079;bloody_queen;Monster;14.0;40.0;
1012080;bloody_queen_hold;Monster;14.0;40.0;
1012081;gludio_royal_gatekeeper;Guard;8.0;24.0;
1012082;tuto_keltir;Monster;9.5;10.0;
1012083;aracne;Monster;15.0;26.0;
1012084;bloody_pixy;Monster;5.0;25.0;
1012085;dark_pan;Monster;14.0;35.0;
1012086;pan;Monster;14.0;35.0;
1012087;pixy;Monster;5.0;25.0;
1012088;red_aracne;Monster;15.0;26.0;
1012089;ti_mi_riran;Monster;23.0;90.0;
1012090;ti_mi_tran;Monster;23.0;90.0;
1012091;pixy_murika;Monster;5.0;25.0;
1012092;bri_mec_tran;Monster;23.0;90.0;
1012093;duke_byron_ashton;Npc;7.0;23.0;
1012094;sir_ivano;Guard;7.0;24.0;
1012095;dion_knight;Guard;7.0;24.0;
1012096;dion_wizard;Guard;7.0;24.0;
1012097;dion_cleric;Guard;7.0;24.0;
1012098;dion_court_guard;Guard;7.0;24.0;
1012099;dion_spear_guard_e;Guard;8.0;27.0;
1012100;dion_sword_guard_e;Guard;8.0;27.0;
1012101;dion_bow_guard_e;Guard;8.0;27.0;
1012102;dion_spear_guard_de;Guard;7.0;25.0;
1012103;dion_sword_guard_de;Guard;7.0;25.0;
1012104;dion_bow_guard_de;Guard;7.0;25.0;
1012105;dion_spear_guard_hu;Guard;8.0;24.0;
1012106;dion_sword_guard_hu;Guard;8.0;24.0;
1012107;dion_bow_guard_hu;Guard;8.0;24.0;
1012108;dion_knight_s;Guard;7.0;24.0;
1012109;dion_wizard_s;Guard;7.0;24.0;
1012110;dion_cleric_s;Guard;7.0;24.0;
1012111;dion_court_guard_s;Guard;7.0;24.0;
1012112;dion_spear_guard_s_e;Guard;8.0;27.0;
1012113;dion_sword_guard_s_e;Guard;8.0;27.0;
1012114;dion_bow_guard_s_e;Guard;8.0;27.0;
1012115;dion_spear_guard_s_de;Guard;7.0;25.0;
1012116;dion_sword_guard_s_de;Guard;7.0;25.0;
1012117;dion_bow_guard_s_de;Guard;7.0;25.0;
1012118;dion_spear_guard_s_hu;Guard;8.0;24.0;
1012119;dion_sword_guard_s_hu;Guard;8.0;24.0;
1012120;dion_bow_guard_s_hu;Guard;8.0;24.0;
1012121;chamberlain_crosby;Npc;9.5;22.5;
1012122;sir_gibbson;Guard;8.0;24.0;
1012123;dion_holything;Npc;25.0;98.0;
1012124;baron_carmon_esthus;Npc;7.0;23.0;
1012125;sir_ulric;Guard;7.0;24.0;
1012126;giran_knight;Guard;7.0;24.0;
1012127;giran_wizard;Guard;7.0;24.0;
1012128;giran_cleric;Guard;7.0;24.0;
1012129;giran_court_guard;Guard;7.0;24.0;
1012130;giran_spear_guard_e;Guard;8.0;27.0;
1012131;giran_sword_guard_e;Guard;8.0;27.0;
1012132;giran_bow_guard_e;Guard;8.0;27.0;
1012133;giran_spear_guard_de;Guard;7.0;25.0;
1012134;giran_sword_guard_de;Guard;7.0;25.0;
1012135;giran_bow_guard_de;Guard;7.0;25.0;
1012136;giran_spear_guard_hu;Guard;8.0;24.0;
1012137;giran_sword_guard_hu;Guard;8.0;24.0;
1012138;giran_bow_guard_hu;Guard;8.0;24.0;
1012139;giran_knight_s;Guard;7.0;24.0;
1012140;giran_wizard_s;Guard;7.0;24.0;
1012141;giran_cleric_s;Guard;7.0;24.0;
1012142;giran_court_guard_s;Guard;7.0;24.0;
1012143;giran_spear_guard_s_e;Guard;8.0;27.0;
1012144;giran_sword_guard_s_e;Guard;8.0;27.0;
1012145;giran_bow_guard_s_e;Guard;8.0;27.0;
1012146;giran_spear_guard_s_de;Guard;7.0;25.0;
1012147;giran_sword_guard_s_de;Guard;7.0;25.0;
1012148;giran_bow_guard_s_de;Guard;7.0;25.0;
1012149;giran_spear_guard_s_hu;Guard;8.0;24.0;
1012150;giran_sword_guard_s_hu;Guard;8.0;24.0;
1012151;giran_bow_guard_s_hu;Guard;8.0;24.0;
1012152;chamberlain_saul;Npc;9.5;22.5;
1012153;sir_holmes;Guard;8.0;24.0;
1012154;giran_holything;Npc;25.0;98.0;
1012155;dion_defend_teleporter1;Guard;8.0;24.0;
1012156;dion_defend_teleporter2;Guard;8.0;24.0;
1012157;dion_defend_teleporter3;Guard;8.0;24.0;
1012158;dion_mass_teleporter;Guard;8.0;24.0;
1012159;dion_outter_doorman;Guard;8.0;24.0;
1012160;dion_inner_doorman;Guard;8.0;24.0;
1012161;dion_royal_gatekeeper;Guard;8.0;24.0;
1012162;giran_defend_teleporter1;Guard;8.0;24.0;
1012163;giran_defend_teleporter2;Guard;8.0;24.0;
1012164;giran_defend_teleporter3;Guard;8.0;24.0;
1012165;giran_mass_teleporter;Guard;8.0;24.0;
1012166;giran_outter_doorman;Guard;8.0;24.0;
1012167;giran_inner_doorman;Guard;8.0;24.0;
1012168;giran_royal_gatekeeper;Guard;8.0;24.0;
1012169;orfen;Monster;35.0;125.0;
1012170;raikel;Monster;37.0;70.0;
1012171;raikel_leos;Monster;37.0;70.0;
1012172;riba;Monster;25.0;80.0;
1012173;riba_iren;Monster;25.0;80.0;
1012174;suceptor_prime;Monster;45.0;72.0;
1012175;cat_the_cat_d;Monster;9.0;16.0;
1012176;cat_the_cat_e;Monster;9.0;16.0;
1012177;cuti_cat_d;Monster;8.0;15.0;
1012178;unicorn_boxer_d;Monster;11.0;18.0;
1012179;unicorn_boxer_e;Monster;11.0;18.0;
1012180;unicorn_mirage_d;Monster;13.0;17.5;
1012181;shadow_d;Monster;10.0;30.0;
1012182;shadow_e;Monster;10.0;30.0;
1012183;silhouette_d;Monster;8.0;23.0;
1012184;dark_panther_a;Monster;7.0;13.0;
1012185;dark_panther_b;Monster;7.0;13.0;
1012186;dark_panther_c;Monster;7.0;13.0;
1012187;mechanic_golem_a;Monster;5.0;19.0;
1012188;mechanic_golem_b;Monster;5.0;19.0;
1012189;mechanic_golem_c;Monster;5.0;19.0;
1012190;mechanic_golem_d;Monster;5.0;19.0;
1012191;mechanic_golem_e;Monster;5.0;19.0;
1012192;reanimated_man_a;Monster;11.0;25.0;
1012193;reanimated_man_b;Monster;11.0;25.0;
1012194;corrupted_man_a;Monster;13.0;21.0;
1012195;corrupted_man_b;Monster;13.0;21.0;
1012196;corrupted_man_c;Monster;13.0;21.0;
1012197;life_cubic_a;Monster;1.7;1.7;
1012198;life_cubic_b;Monster;1.7;1.7;
1012199;life_cubic_c;Monster;1.7;1.7;
1012200;storm_cubic_a;Monster;1.7;1.7;
1012201;storm_cubic_b;Monster;1.7;1.7;
1012202;storm_cubic_c;Monster;1.7;1.7;
1012203;vampiric_cubic_a;Monster;1.7;1.7;
1012204;vampiric_cubic_b;Monster;1.7;1.7;
1012205;vampiric_cubic_c;Monster;1.7;1.7;
1012206;poltergeist_cubic_a;Monster;1.7;1.7;
1012207;poltergeist_cubic_b;Monster;1.7;1.7;
1012208;poltergeist_cubic_c;Monster;1.7;1.7;
1012209;viper_cubic_a;Monster;1.7;1.7;
1012210;viper_cubic_b;Monster;1.7;1.7;
1012211;antaras;Monster;300.0;300.0;
1012212;duke_balthus_van_deik;Npc;7.0;23.0;
1012213;sir_quant;Guard;7.0;24.0;
1012214;oren_knight;Guard;7.0;24.0;
1012215;oren_wizard;Guard;7.0;24.0;
1012216;oren_cleric;Guard;7.0;24.0;
1012217;oren_court_guard;Guard;7.0;24.0;
1012218;oren_spear_guard_e;Guard;8.0;27.0;
1012219;oren_sword_guard_e;Guard;8.0;27.0;
1012220;oren_bow_guard_e;Guard;8.0;27.0;
1012221;oren_spear_guard_de;Guard;7.0;25.0;
1012222;oren_sword_guard_de;Guard;7.0;25.0;
1012223;oren_bow_guard_de;Guard;7.0;25.0;
1012224;oren_spear_guard_hu;Guard;8.0;24.0;
1012225;oren_sword_guard_hu;Guard;8.0;24.0;
1012226;oren_bow_guard_hu;Guard;8.0;24.0;
1012227;oren_knight_s;Guard;7.0;24.0;
1012228;oren_wizard_s;Guard;7.0;24.0;
1012229;oren_cleric_s;Guard;7.0;24.0;
1012230;oren_court_guard_s;Guard;7.0;24.0;
1012231;oren_spear_guard_s_e;Guard;8.0;27.0;
1012232;oren_sword_guard_s_e;Guard;8.0;27.0;
1012233;oren_bow_guard_s_e;Guard;8.0;27.0;
1012234;oren_spear_guard_s_de;Guard;7.0;25.0;
1012235;oren_sword_guard_s_de;Guard;7.0;25.0;
1012236;oren_bow_guard_s_de;Guard;7.0;25.0;
1012237;oren_spear_guard_s_hu;Guard;8.0;24.0;
1012238;oren_sword_guard_s_hu;Guard;8.0;24.0;
1012239;oren_bow_guard_s_hu;Guard;8.0;24.0;
1012240;chamberlain_brasseur;Npc;9.5;22.5;
1012241;messenger_sherwood;Guard;8.0;24.0;
1012242;oren_holything;Npc;25.0;98.0;
1012243;oren_defend_teleporter1;Guard;8.0;24.0;
1012244;oren_defend_teleporter2;Guard;8.0;24.0;
1012245;oren_defend_teleporter3;Guard;8.0;24.0;
1012246;oren_mass_teleporter;Guard;8.0;24.0;
1012247;oren_outter_doorman;Guard;8.0;24.0;
1012248;oren_inner_doorman;Guard;8.0;24.0;
1012249;oren_royal_gatekeeper;Guard;8.0;24.0;
1012250;heart_of_warding;Npc;17.0;75.0;
1012251;siege_golem;Monster;60.0;140.0;
1012252;chamberlain_saius;Npc;9.5;22.5;
1012253;sir_tyron;Guard;8.0;24.0;
1012254;king_amadeo_cadmus;Npc;7.0;23.0;
1012255;chamberlain_logan;Npc;9.5;22.5;
1012256;chamberlain_radcliff;Npc;9.5;22.5;
1012257;sir_shamus;Guard;7.0;24.0;
1012258;sir_morpheus;Guard;7.0;24.0;
1012259;sir_ruford;Guard;8.0;24.0;
1012260;event_human;Merchant;8.0;24.0;
1012261;event_elf;Merchant;8.0;24.0;
1012262;event_darkelf;Npc;8.0;24.5;
1012263;event_dwarf;Merchant;7.0;18.5;
1012264;event_orc;Merchant;8.0;24.0;
1012265;aden_knight;Guard;13.0;24.0;
1012266;aden_wizard;Guard;13.0;24.0;
1012267;aden_cleric;Guard;13.0;24.0;
1012268;aden_court_guard;Guard;13.0;24.0;
1012269;aden_spear_guard_e;Guard;14.0;27.0;
1012270;aden_sword_guard_e;Guard;14.0;27.0;
1012271;aden_bow_guard_e;Guard;14.0;27.0;
1012272;aden_spear_guard_de;Guard;13.0;25.0;
1012273;aden_sword_guard_de;Guard;13.0;25.0;
1012274;aden_bow_guard_de;Guard;13.0;25.0;
1012275;aden_spear_guard_hu;Guard;14.0;24.0;
1012276;aden_sword_guard_hu;Guard;14.0;24.0;
1012277;aden_bow_guard_hu;Guard;14.0;24.0;
1012278;aden_knight_s;Guard;13.0;24.0;
1012279;aden_wizard_s;Guard;13.0;24.0;
1012280;aden_cleric_s;Guard;13.0;24.0;
1012281;aden_court_guard_s;Guard;13.0;24.0;
1012282;aden_spear_guard_s_e;Guard;14.0;27.0;
1012283;aden_sword_guard_s_e;Guard;14.0;27.0;
1012284;aden_bow_guard_s_e;Guard;14.0;27.0;
1012285;aden_spear_guard_s_de;Guard;13.0;25.0;
1012286;aden_sword_guard_s_de;Guard;13.0;25.0;
1012287;aden_bow_guard_s_de;Guard;13.0;25.0;
1012288;aden_spear_guard_s_hu;Guard;14.0;24.0;
1012289;aden_sword_guard_s_hu;Guard;14.0;24.0;
1012290;aden_bow_guard_s_hu;Guard;14.0;24.0;
1012291;aden_holything;Npc;25.0;98.0;
1012292;aden_defend_teleporter1;Guard;8.0;24.0;
1012293;aden_defend_teleporter2;Guard;8.0;24.0;
1012294;aden_defend_teleporter3;Guard;8.0;24.0;
1012295;aden_defend_teleporter4;Guard;8.0;24.0;
1012296;aden_defend_teleporter5;Guard;8.0;24.0;
1012297;aden_mass_teleporter;Guard;8.0;24.0;
1012298;aden_outter_doorman;Guard;8.0;24.0;
1012299;aden_inner_doorman;Guard;8.0;24.0;
1012300;aden_royal_gatekeeper;Guard;8.0;24.0;
1012301;mercenary_sword_fix;Guard;8.0;24.0;
1012302;mercenary_pole_fix;Guard;8.0;24.0;
1012303;mercenary_bow_fix;Guard;8.0;24.0;
1012304;mercenary_cleric_fix;Guard;7.0;24.0;
1012305;mercenary_wizard_fix;Guard;7.0;24.0;
1012306;mercenary_sword_move;Guard;8.0;24.0;
1012307;mercenary_pole_move;Guard;8.0;24.0;
1012308;mercenary_bow_move;Guard;8.0;24.0;
1012309;mercenary_cleric_move;Guard;7.0;24.0;
1012310;mercenary_wizard_move;Guard;7.0;24.0;
1012311;hatchling_of_wind;Monster;9.0;10.0;
1012312;hatchling_of_star;Monster;9.0;10.0;
1012313;hatchling_of_twilight;Monster;9.0;10.0;
1012314;life_control_tower_live;Npc;7.0;35.0;
1012315;life_control_tower_dead;Npc;7.0;35.0;
1012316;greenspan;Npc;8.0;21.5;
1012317;sanford;Npc;8.0;21.5;
1012318;morrison;Npc;8.0;21.5;
1012319;arvid;Npc;8.0;21.5;
1012320;eldon;Npc;8.0;21.5;
1012321;rodd;Npc;8.0;21.5;
1012322;aden_hall_doorman;Guard;8.0;24.0;
1012323;aden_inner_doorman2;Guard;8.0;24.0;
1012324;teleport_cube_antaras;Npc;30.0;65.0;
1012325;gludio_default_teleporter1;Guard;8.0;24.0;
1012326;gludio_default_teleporter2;Guard;8.0;24.0;
1012327;gludio_default_teleporter3;Guard;8.0;24.0;
1012328;dion_default_teleporter1;Guard;8.0;24.0;
1012329;dion_default_teleporter2;Guard;8.0;24.0;
1012330;dion_default_teleporter3;Guard;8.0;24.0;
1012331;giran_default_teleporter1;Guard;8.0;24.0;
1012332;giran_default_teleporter2;Guard;8.0;24.0;
1012333;giran_default_teleporter3;Guard;8.0;24.0;
1012334;oren_default_teleporter1;Guard;8.0;24.0;
1012335;oren_default_teleporter2;Guard;8.0;24.0;
1012336;oren_default_teleporter3;Guard;8.0;24.0;
1012337;aden_default_teleporter1;Guard;8.0;24.0;
1012338;aden_default_teleporter2;Guard;8.0;24.0;
1012339;aden_default_teleporter3;Guard;8.0;24.0;
1012340;aden_default_teleporter4;Guard;8.0;24.0;
1012341;aden_default_teleporter5;Guard;8.0;24.0;
1012342;flame_control_tower_live;Npc;7.0;35.0;
1012343;flame_control_tower_dead;Npc;7.0;35.0;
1012344;cat_the_cat_f;Monster;9.0;16.0;
1012345;cat_the_cat_g;Monster;9.0;16.0;
1012346;cat_the_cat_h;Monster;9.0;16.0;
1012347;cat_the_cat_i;Monster;9.0;16.0;
1012348;cuti_cat_e;Monster;8.0;15.0;
1012349;cuti_cat_f;Monster;8.0;15.0;
1012350;cuti_cat_g;Monster;8.0;15.0;
1012351;cuti_cat_h;Monster;8.0;15.0;
1012352;cuti_cat_i;Monster;8.0;15.0;
1012353;unicorn_boxer_f;Monster;11.0;18.0;
1012354;unicorn_boxer_g;Monster;11.0;18.0;
1012355;unicorn_boxer_h;Monster;11.0;18.0;
1012356;unicorn_boxer_i;Monster;11.0;18.0;
1012357;unicorn_mirage_e;Monster;13.0;17.5;
1012358;unicorn_mirage_f;Monster;13.0;17.5;
1012359;unicorn_mirage_g;Monster;13.0;17.5;
1012360;unicorn_mirage_h;Monster;13.0;17.5;
1012361;unicorn_mirage_i;Monster;13.0;17.5;
1012362;shadow_f;Monster;10.0;30.0;
1012363;shadow_g;Monster;10.0;30.0;
1012364;shadow_h;Monster;10.0;30.0;
1012365;shadow_i;Monster;10.0;30.0;
1012366;silhouette_e;Monster;8.0;23.0;
1012367;silhouette_f;Monster;8.0;23.0;
1012368;silhouette_g;Monster;8.0;23.0;
1012369;silhouette_h;Monster;8.0;23.0;
1012370;silhouette_i;Monster;8.0;23.0;
1012371;event_heart;Monster;9.0;16.0;
