#id;name;bodypart;crystallizable;weight;soulshots;spiritshots;material;crystal;p.dam;rnd.dam;weaponType;critical;hit.modify;avoid.modify;shield.def;shield.def.rate;atk.speed;mp.consume;m.dam;durability
1;small_sword;rhand;false;1600;0;0;steel;none;8;10;sword;8;0;0;0;0;379;0;6;95;
2;long_sword;rhand;false;1560;2;2;fine_steel;none;24;10;sword;8;0;0;0;0;379;0;17;95;
3;broad_sword;rhand;false;1590;0;0;steel;none;11;10;sword;8;0;0;0;0;379;0;9;95;
4;club;rhand;false;1870;0;0;wood;none;8;20;blunt;4;4.75;0;0;0;379;0;6;95;
5;mace;rhand;false;1880;0;0;steel;none;11;20;blunt;4;4.75;0;0;0;379;0;9;95;
6;apprentice's_wand;rhand;false;1350;0;0;steel;none;5;20;blunt;4;4.75;0;0;0;379;0;7;95;
7;apprentice's_rod;rhand;false;1330;0;0;wood;none;6;20;blunt;4;4.75;0;0;0;379;0;8;95;
8;willow_staff;lrhand;false;1080;0;0;wood;none;11;20;blunt;4;4.75;0;0;0;325;0;12;95;
9;cedar_staff;lrhand;false;1090;2;2;wood;none;16;20;blunt;4;4.75;0;0;0;325;0;16;95;
10;dagger;rhand;false;1160;0;0;steel;none;5;5;dagger;12;-3.75;0;0;0;433;0;5;95;
11;bone_dagger;rhand;false;1150;0;0;bone;none;7;5;dagger;12;-3.75;0;0;0;433;0;6;95;
12;knife;rhand;false;1140;0;0;bronze;none;10;5;dagger;12;-3.75;0;0;0;433;0;9;95;
13;short_bow;lrhand;false;1950;0;0;wood;none;16;5;bow;12;-3.75;0;0;0;293;1;6;95;
14;bow;lrhand;false;1930;0;0;wood;none;23;5;bow;12;-3.75;0;0;0;293;2;9;95;
15;short_spear;lrhand;false;2140;2;2;steel;none;24;10;pole;8;-3.75;0;0;0;325;0;17;95;
16;long_spear;lrhand;false;2120;2;2;bronze;none;31;10;pole;8;-3.75;0;0;0;325;0;21;95;
18;leather_shield;lhand;false;1430;0;0;leather;none;0;0;none;0;0;-8;47;20;0;0;0;90;
19;small_shield;lhand;false;1420;0;0;steel;none;0;0;none;0;0;-8;56;20;0;0;0;90;
20;buckler;lhand;false;1410;0;0;wood;none;0;0;none;0;0;-8;67;20;0;0;0;90;
66;gladius;rhand;false;1570;2;2;steel;none;17;10;sword;8;0;0;0;0;379;0;12;95;
67;orcish_sword;rhand;false;1570;2;2;steel;none;17;10;sword;8;0;0;0;0;379;0;12;95;
68;falchion;rhand;false;1530;2;2;bronze;none;31;10;sword;8;0;0;0;0;379;0;21;95;
69;bastard_sword;rhand;true;1510;2;2;fine_steel;d;51;10;sword;8;0;0;0;0;379;0;32;95;
70;claymore;lrhand;true;2090;3;3;fine_steel;d;112;10;sword;8;0;0;0;0;325;0;54;95;
71;flamberge;lrhand;true;2010;2;2;bronze;c;130;10;sword;8;0;0;0;0;325;0;61;95;
72;stormbringer;rhand;true;1430;2;2;fine_steel;c;107;10;sword;8;0;0;0;0;379;0;61;95;
73;shamshir;rhand;true;1420;2;2;fine_steel;c;122;10;sword;8;0;0;0;0;379;0;68;95;
74;katana;rhand;true;1420;2;2;fine_steel;c;122;10;sword;8;0;0;0;0;379;0;68;90;
75;caliburs;rhand;true;1400;3;3;oriharukon;c;139;10;sword;8;0;0;0;0;379;0;76;90;
76;sword_of_delusion;rhand;true;1400;3;3;mithril;c;139;10;sword;8;0;0;0;0;379;0;76;90;
77;tsurugi;rhand;true;1400;3;3;fine_steel;c;139;10;sword;8;0;0;0;0;379;0;76;90;
78;great_sword;lrhand;true;1930;1;1;steel;b;213;10;sword;8;0;0;0;0;325;0;91;95;
79;sword_of_damascus;rhand;true;1350;1;1;damascus;b;194;10;sword;8;0;0;0;0;379;0;99;95;
80;tallum_blade;rhand;true;1330;1;1;adamantaite;a;213;10;sword;8;0;0;0;0;379;0;107;95;
81;dragon_slayer;lrhand;true;1840;1;1;bone;a;282;10;sword;8;0;0;0;0;325;0;114;100;
82;god's_blade;rhand;true;1300;1;1;adamantaite;s;257;10;sword;8;0;0;0;0;379;0;124;95;
83;sword_of_magic;rhand;true;970;2;2;bronze;d;43;10;sword;8;0;0;0;0;379;0;45;95;
84;homunkulus's_sword;rhand;true;950;3;3;blood_steel;c;111;10;sword;8;0;0;0;0;379;0;101;95;
85;phantom_sword;rhand;true;860;1;1;oriharukon;a;170;10;sword;8;0;0;0;0;379;0;143;95;
86;tomahawk;rhand;true;1780;2;2;bronze;d;51;20;blunt;4;4.75;0;0;0;379;0;32;95;
87;iron_hammer;rhand;false;1850;2;2;steel;none;31;20;blunt;4;4.75;0;0;0;379;0;21;95;
88;morning_star;rhand;true;1720;3;3;steel;d;79;20;blunt;4;4.75;0;0;0;379;0;47;95;
89;big_hammer;rhand;true;1710;2;2;fine_steel;c;107;20;blunt;4;4.75;0;0;0;379;0;61;95;
90;goathead_staff;lrhand;true;1000;3;3;wood;d;77;20;blunt;4;4.75;0;0;0;325;0;63;95;
91;heavy_war_axe;rhand;true;1620;1;1;fine_steel;b;175;20;blunt;4;4.75;0;0;0;379;0;91;95;
92;sprite's_staff;lrhand;true;960;1;1;wood;b;170;20;blunt;4;4.75;0;0;0;325;0;122;95;
93;winged_spear;lrhand;true;2060;3;3;fine_steel;d;79;10;pole;8;-3.75;0;0;0;325;0;47;95;
94;bech_de_corbin;lrhand;true;2020;2;2;fine_steel;c;122;10;pole;8;-3.75;0;0;0;325;0;68;95;
95;poleaxe;lrhand;true;2010;3;3;bronze;c;139;10;pole;8;-3.75;0;0;0;325;0;76;95;
96;scythe;lrhand;true;2040;2;2;fine_steel;c;107;10;pole;8;-3.75;0;0;0;325;0;61;95;
97;lancia;lrhand;true;1920;1;1;blood_steel;b;194;10;pole;8;-3.75;0;0;0;325;0;99;95;
98;halbard;lrhand;true;1900;1;1;oriharukon;a;213;10;pole;8;-3.75;0;0;0;325;0;107;95;
99;apprentice's_spellbook;rhand;false;650;0;0;paper;none;9;10;etc;8;0;0;0;0;379;0;12;95;
100;voodoo_doll;rhand;false;630;2;2;wood;none;25;10;etc;8;0;0;0;0;379;0;28;95;
101;scroll_of_wisdom;rhand;true;610;2;2;paper;d;32;10;etc;8;0;0;0;0;379;0;35;95;
102;round_shield;lhand;false;1390;0;0;steel;none;0;0;none;0;0;-8;79;20;0;0;0;90;
103;tower_shield;lhand;true;1240;0;0;fine_steel;c;0;0;none;0;0;-8;190;20;0;0;0;90;
104;shield_of_victory;lhand;true;6400;0;0;oriharukon;b;0;0;none;0;0;-8;216;20;0;0;0;90;
105;implosion_shield;lhand;true;4800;0;0;damascus;b;0;0;none;0;0;-8;216;20;0;0;0;90;
106;dark_dragon_shield;lhand;true;4800;0;0;damascus;b;0;0;none;0;0;-8;230;20;0;0;0;90;
107;composite_shield;lhand;true;1230;0;0;fine_steel;c;0;0;none;0;0;-8;190;20;0;0;0;90;
108;masterpiece_shield;lhand;true;5600;0;0;oriharukon;b;0;0;none;0;0;-8;230;20;0;0;0;90;
109;shield_of_sola_eclipse;lhand;true;4800;0;0;blood_steel;b;0;0;none;0;0;-8;216;20;0;0;0;90;
110;doom_shield;lhand;true;1200;0;0;fine_steel;b;0;0;none;0;0;-8;230;20;0;0;0;90;
111;shield_of_pledge;lhand;true;4800;0;0;fine_steel;b;0;0;none;0;0;-8;216;20;0;0;0;90;
120;sword_of_reflexion;rhand;false;1550;2;2;bronze;none;24;10;sword;8;0;0;0;0;379;0;17;95;
121;sword_of_watershadow;rhand;false;1540;2;2;bronze;none;24;10;sword;8;0;0;0;0;379;0;17;95;
122;handmade_sword;rhand;false;1570;2;2;bronze;none;17;10;sword;8;0;0;0;0;379;0;12;95;
123;saber;rhand;true;1520;2;2;steel;d;40;10;sword;8;0;0;0;0;379;0;26;95;
124;two-handed_sword;lrhand;true;2180;2;2;fine_steel;d;78;10;sword;8;0;0;0;0;325;0;39;95;
125;spinebone_sword;rhand;true;1510;2;2;bone;d;51;10;sword;8;0;0;0;0;379;0;32;95;
126;artisan's_sword;rhand;true;1500;2;2;steel;d;51;10;sword;8;0;0;0;0;379;0;32;95;
127;crimson_sword;rhand;true;1490;2;2;fine_steel;d;64;10;sword;8;0;0;0;0;379;0;39;95;
128;knight's_sword;rhand;true;1500;2;2;steel;d;51;10;sword;8;0;0;0;0;379;0;32;95;
129;sword_of_revolution;rhand;true;1450;3;3;fine_steel;d;79;10;sword;8;0;0;0;0;379;0;47;95;
130;elven_sword;rhand;true;1470;2;2;mithril;d;64;10;sword;8;0;0;0;0;379;0;39;95;
131;spirits_sword;rhand;true;1420;2;2;fine_steel;c;122;10;sword;8;0;0;0;0;379;0;68;90;
132;sword_of_limit;rhand;true;1400;3;3;fine_steel;c;139;10;sword;8;0;0;0;0;379;0;76;95;
133;raid_sword;rhand;true;1420;2;2;fine_steel;c;122;10;sword;8;0;0;0;0;379;0;68;95;
134;sword_of_nightmare;rhand;true;1400;3;3;blood_steel;c;139;10;sword;8;0;0;0;0;379;0;76;95;
135;samurai_longsword;rhand;true;1380;3;3;oriharukon;c;156;10;sword;8;0;0;0;0;379;0;83;95;
136;limpid_sword;rhand;true;1370;1;1;mithril;b;175;10;sword;8;0;0;0;0;379;0;91;95;
137;mist_sword;rhand;true;1370;1;1;mithril;b;175;10;sword;8;0;0;0;0;379;0;91;95;
138;sword_of_desert;rhand;true;1370;1;1;blood_steel;b;175;10;sword;8;0;0;0;0;379;0;91;95;
139;dusk_sword;rhand;true;1370;1;1;blood_steel;b;175;10;sword;8;0;0;0;0;379;0;91;95;
140;eminence_sword;rhand;true;1370;1;1;chrysolite;b;175;10;sword;8;0;0;0;0;379;0;91;95;
141;hazard_sword;rhand;true;1370;1;1;blood_steel;b;175;10;sword;8;0;0;0;0;379;0;91;95;
142;kshanberk;rhand;true;1370;1;1;oriharukon;b;175;10;sword;8;0;0;0;0;379;0;91;95;
143;sword_of_mystic;rhand;true;980;2;2;fine_steel;d;43;10;sword;8;0;0;0;0;379;0;45;95;
144;sword_of_occult;rhand;true;970;2;2;fine_steel;d;43;10;sword;8;0;0;0;0;379;0;45;95;
145;deathbreath_sword;rhand;true;920;3;3;fine_steel;c;111;10;sword;8;0;0;0;0;379;0;101;95;
146;sword_of_ghoul;rhand;true;910;1;1;damascus;b;140;10;sword;8;0;0;0;0;379;0;122;95;
147;tear_of_darkness;rhand;true;830;1;1;blood_steel;a;170;10;sword;8;0;0;0;0;379;0;143;95;
148;sword_of_valhalla;rhand;true;900;1;1;oriharukon;b;140;10;sword;8;0;0;0;0;379;0;122;95;
149;sword_of_life;rhand;true;840;1;1;mithril;a;170;10;sword;8;0;0;0;0;379;0;143;95;
150;elemental_sword;rhand;true;830;1;1;mithril;a;170;10;sword;8;0;0;0;0;379;0;143;95;
151;sword_of_miracle;rhand;true;840;1;1;adamantaite;a;176;10;sword;8;0;0;0;0;379;0;146;95;
152;heavy_chisel;rhand;false;1890;0;0;steel;none;10;20;blunt;4;4.75;0;0;0;379;0;8;95;
153;sickle;rhand;false;1850;0;0;steel;none;12;20;blunt;4;4.75;0;0;0;379;0;9;95;
154;dwarven_mace;rhand;false;1860;2;2;bronze;none;17;20;blunt;4;4.75;0;0;0;379;0;12;85;
155;buzdygan;rhand;false;1800;2;2;steel;none;31;20;blunt;4;4.75;0;0;0;379;0;21;95;
156;hand_axe;rhand;true;1820;2;2;steel;d;40;20;blunt;4;4.75;0;0;0;379;0;26;95;
157;spike_club;rhand;true;1750;2;2;steel;d;64;20;blunt;4;4.75;0;0;0;379;0;39;95;
158;tarbar;rhand;true;1730;3;3;fine_steel;d;79;20;blunt;4;4.75;0;0;0;379;0;47;95;
159;bonebreaker;rhand;true;1720;3;3;fine_steel;d;92;20;blunt;4;4.75;0;0;0;379;0;54;95;
160;battle_axe;rhand;true;1720;2;2;fine_steel;c;107;20;blunt;4;4.75;0;0;0;379;0;61;95;
161;war_pick;rhand;true;1690;2;2;fine_steel;c;107;20;blunt;4;4.75;0;0;0;379;0;61;95;
162;war_axe;rhand;true;1660;3;3;fine_steel;c;139;20;blunt;4;4.75;0;0;0;379;0;76;95;
163;flail;rhand;true;4000;1;1;mithril;b;175;20;blunt;4;4.75;0;0;0;379;0;91;95;
164;elysian;rhand;true;1580;1;1;oriharukon;a;232;20;blunt;4;4.75;0;0;0;379;0;114;95;
165;herumoonkus's_hammer;rhand;true;1570;1;1;adamantaite;s;251;20;blunt;4;4.75;0;0;0;379;0;121;100;
166;heavy_mace;rhand;true;1800;2;2;steel;d;40;20;blunt;4;4.75;0;0;0;379;0;26;95;
167;scalpel;rhand;true;1810;2;2;steel;d;40;20;blunt;4;4.75;0;0;0;379;0;26;95;
168;work_hammer;rhand;true;1790;2;2;steel;d;40;20;blunt;4;4.75;0;0;0;379;0;26;95;
169;skull_breaker;rhand;true;1740;3;3;fine_steel;d;79;20;blunt;4;4.75;0;0;0;379;0;47;95;
170;heavy_flail;rhand;true;6400;1;1;fine_steel;a;258;20;blunt;4;4.75;0;0;0;379;0;86;95;
171;deadman's_glory;rhand;true;1600;1;1;bone;b;194;20;blunt;4;4.75;0;0;0;379;0;99;95;
172;heavy_bone_club;rhand;true;1730;3;3;bone;d;79;20;blunt;4;4.75;0;0;0;379;0;47;95;
173;skull_graver;rhand;true;1640;2;2;fine_steel;c;107;20;blunt;4;4.75;0;0;0;379;0;61;95;
174;nirvana_axe;rhand;true;1150;3;3;fine_steel;c;111;20;blunt;4;4.75;0;0;0;379;0;101;95;
175;art_of_battle_axe;rhand;true;1570;1;1;chrysolite;b;194;20;blunt;4;4.75;0;0;0;379;0;99;95;
176;apprentice's_staff;lrhand;false;1070;2;2;wood;none;23;20;blunt;4;4.75;0;0;0;325;0;22;95;
177;mage_staff;lrhand;false;1050;2;2;wood;none;30;20;blunt;4;4.75;0;0;0;325;0;28;95;
178;bone_staff;lrhand;true;1060;2;2;bone;d;39;20;blunt;4;4.75;0;0;0;325;0;35;95;
179;mace_of_prayer;rhand;true;1300;2;2;steel;d;41;20;blunt;4;4.75;0;0;0;379;0;43;95;
180;mace_of_judgment;rhand;true;1280;2;2;steel;d;41;20;blunt;4;4.75;0;0;0;379;0;43;95;
181;mace_of_miracle;rhand;true;1250;2;2;steel;d;41;20;blunt;4;4.75;0;0;0;379;0;43;95;
182;doom_hammer;rhand;true;1200;2;2;steel;d;41;20;blunt;4;4.75;0;0;0;379;0;43;95;
183;mystic_staff;lrhand;true;1040;2;2;wood;d;50;20;blunt;4;4.75;0;0;0;325;0;43;95;
184;conjure_staff;lrhand;true;1030;2;2;oriharukon;d;50;20;blunt;4;4.75;0;0;0;325;0;43;95;
185;staff_of_mana;lrhand;true;1040;2;2;wood;d;50;20;blunt;4;4.75;0;0;0;325;0;43;95;
186;staff_of_magicpower;lrhand;true;1020;2;2;wood;d;62;20;blunt;4;4.75;0;0;0;325;0;52;95;
187;atuba_hammer;lrhand;true;1010;3;3;fine_steel;d;90;20;blunt;4;4.75;0;0;0;325;0;72;95;
188;ghost_staff;lrhand;true;1000;3;3;wood;d;90;20;blunt;4;4.75;0;0;0;325;0;72;95;
189;life_stick;rhand;true;1180;3;3;wood;d;74;20;blunt;4;4.75;0;0;0;379;0;72;85;
190;atuba_mace;lrhand;true;1010;3;3;fine_steel;d;90;20;blunt;4;4.75;0;0;0;325;0;72;95;
191;heavy_doom_hammer;lrhand;true;1020;2;2;fine_steel;c;103;20;blunt;4;4.75;0;0;0;325;0;81;95;
192;crystal_staff;lrhand;true;1020;2;2;crystal;c;103;20;blunt;4;4.75;0;0;0;325;0;81;95;
193;stick_of_faith;rhand;true;1160;2;2;wood;c;85;20;blunt;4;4.75;0;0;0;379;0;81;85;
194;heavy_doom_axe;lrhand;true;1010;2;2;fine_steel;c;103;20;blunt;4;4.75;0;0;0;325;0;81;95;
195;cursed_staff;lrhand;true;1000;2;2;wood;c;119;20;blunt;4;4.75;0;0;0;325;0;91;95;
196;stick_of_eternity;rhand;true;1130;3;3;wood;c;111;20;blunt;4;4.75;0;0;0;379;0;101;95;
197;paradia_staff;lrhand;true;1010;3;3;wood;c;135;20;blunt;4;4.75;0;0;0;325;0;101;95;
198;inferno_staff;lrhand;true;1000;3;3;wood;c;135;20;blunt;4;4.75;0;0;0;325;0;101;95;
199;paagrio_hammer;lrhand;true;1010;3;3;blood_steel;c;135;20;blunt;4;4.75;0;0;0;325;0;101;95;
200;sage's_staff;lrhand;true;1000;3;3;wood;c;135;20;blunt;4;4.75;0;0;0;325;0;101;95;
201;club_of_nature;rhand;true;1100;3;3;wood;c;111;20;blunt;4;4.75;0;0;0;379;0;101;95;
202;mace_of_underworld;rhand;true;1090;3;3;fine_steel;c;111;20;blunt;4;4.75;0;0;0;379;0;101;95;
203;paagrio_axe;lrhand;true;990;3;3;blood_steel;c;141;20;blunt;4;4.75;0;0;0;325;0;104;95;
204;deadman's_staff;lrhand;true;1010;3;3;bone;c;152;20;blunt;4;4.75;0;0;0;325;0;111;95;
205;ghoul's_staff;lrhand;true;1000;3;3;bone;c;152;20;blunt;4;4.75;0;0;0;325;0;111;95;
206;demon's_staff;lrhand;true;990;3;3;wood;c;152;20;blunt;4;4.75;0;0;0;325;0;111;95;
207;staff_of_phantom;lrhand;true;980;1;1;oriharukon;b;170;20;blunt;4;4.75;0;0;0;325;0;122;95;
208;staff_of_seal;lrhand;true;970;1;1;wood;b;170;20;blunt;4;4.75;0;0;0;325;0;122;95;
209;divine_staff;lrhand;true;960;1;1;wood;b;189;20;blunt;4;4.75;0;0;0;325;0;132;95;
210;staff_of_evil_sprit;lrhand;true;930;1;1;wood;b;189;20;blunt;4;4.75;0;0;0;325;0;132;95;
211;noblest_staff;lrhand;true;910;1;1;wood;b;189;20;blunt;4;4.75;0;0;0;325;0;132;95;
212;dasparion's_staff;lrhand;true;920;1;1;adamantaite;a;207;20;blunt;4;4.75;0;0;0;325;0;143;95;
213;worldtree's_branch;lrhand;true;900;1;1;wood;a;226;20;blunt;4;4.75;0;0;0;325;0;152;100;
214;the_staff;lrhand;true;910;1;1;wood;s;245;20;blunt;4;4.75;0;0;0;325;0;162;100;
215;doomed_dagger;rhand;false;1130;0;0;steel;none;10;5;dagger;12;-3.75;0;0;0;433;0;9;30;
216;dirk;rhand;false;1130;2;2;steel;none;15;5;dagger;12;-3.75;0;0;0;433;0;12;95;
217;shining_knife;rhand;false;1120;2;2;mithril;none;21;5;dagger;12;-3.75;0;0;0;433;0;17;95;
218;throw_knife;rhand;false;1120;2;2;fine_steel;none;21;5;dagger;12;-3.75;0;0;0;433;0;17;95;
219;sword_breaker;rhand;false;1110;2;2;steel;none;27;5;dagger;12;-3.75;0;0;0;433;0;21;95;
220;handiwork_dagger;rhand;true;1100;2;2;chrysolite;d;35;5;dagger;12;-3.75;0;0;0;433;0;26;95;
221;assassin_knife;rhand;true;1100;2;2;steel;d;35;5;dagger;12;-3.75;0;0;0;433;0;26;95;
222;poniard_dagger;rhand;true;1090;2;2;steel;d;45;5;dagger;12;-3.75;0;0;0;433;0;32;95;
223;kukuri;rhand;true;1080;2;2;fine_steel;d;56;5;dagger;12;-3.75;0;0;0;433;0;39;95;
224;maingauche;rhand;true;1070;3;3;fine_steel;d;69;5;dagger;12;-3.75;0;0;0;433;0;47;95;
225;mithril_dagger;rhand;true;1060;3;3;mithril;d;80;5;dagger;12;-3.75;0;0;0;433;0;54;97;
226;cursed_dagger;rhand;true;1040;2;2;mithril;c;94;5;dagger;12;-3.75;0;0;0;433;0;61;97;
227;stiletto;rhand;true;1030;2;2;fine_steel;c;107;5;dagger;12;-3.75;0;0;0;433;0;68;95;
228;crystal_dagger;rhand;true;1000;3;3;crystal;c;136;5;dagger;12;-3.75;0;0;0;433;0;83;85;
229;kris;rhand;true;980;1;1;mithril;b;153;5;dagger;12;-3.75;0;0;0;433;0;91;95;
230;needle_wolverine;rhand;true;1040;2;2;fine_steel;c;94;5;dagger;12;-3.75;0;0;0;433;0;61;95;
231;grace_dagger;rhand;true;1020;3;3;fine_steel;c;122;5;dagger;12;-3.75;0;0;0;433;0;76;95;
232;darkelven_dagger;rhand;true;1050;2;2;fine_steel;c;94;5;dagger;12;-3.75;0;0;0;433;0;61;95;
233;dark_screamer;rhand;true;1010;3;3;fine_steel;c;122;5;dagger;12;-3.75;0;0;0;433;0;76;95;
234;demon's_sword;rhand;true;970;1;1;blood_steel;b;170;5;dagger;12;-3.75;0;0;0;433;0;99;95;
235;bloody_orchid;rhand;true;960;1;1;blood_steel;a;186;5;dagger;12;-3.75;0;0;0;433;0;107;95;
236;soul_separator;rhand;true;950;1;1;oriharukon;a;203;5;dagger;12;-3.75;0;0;0;433;0;114;95;
237;dragon_knife;rhand;true;950;1;1;bone;s;220;5;dagger;12;-3.75;0;0;0;433;0;121;100;
238;dagger_of_mana;rhand;true;750;2;2;fine_steel;d;45;5;dagger;12;-3.75;0;0;0;433;0;52;95;
239;mystic_knife;rhand;true;760;2;2;fine_steel;d;45;5;dagger;12;-3.75;0;0;0;433;0;52;95;
240;conjure_knife;rhand;true;750;2;2;fine_steel;d;45;5;dagger;12;-3.75;0;0;0;433;0;52;95;
241;knife_o'_silenus;rhand;true;750;2;2;bronze;d;45;5;dagger;12;-3.75;0;0;0;433;0;52;95;
242;dagger_of_magicflame;rhand;true;750;2;2;fine_steel;c;86;5;dagger;12;-3.75;0;0;0;433;0;91;95;
243;hell_knife;rhand;true;740;1;1;blood_steel;b;122;5;dagger;12;-3.75;0;0;0;433;0;122;95;
244;_elven_fighter_fist;rhand;false;0;0;0;leather;none;0;5;fist;4;4.75;0;0;0;325;0;0;95;
245;_darkelven_fighter_fist;rhand;false;0;0;0;leather;none;0;5;fist;4;4.75;0;0;0;325;0;0;95;
246;_human_fighter_fist;rhand;false;0;0;0;leather;none;0;5;fist;4;4.75;0;0;0;325;0;0;95;
247;_dwern_fist;rhand;false;0;0;0;leather;none;0;5;fist;4;4.75;0;0;0;325;0;0;95;
248;_orcish_fighter_fist;rhand;false;0;0;0;leather;none;0;5;fist;4;4.75;0;0;0;325;0;0;95;
249;_elven_magician_fist;rhand;false;0;0;0;leather;none;0;5;fist;4;4.75;0;0;0;325;0;0;95;
250;_darkelven_magician_fist;rhand;false;0;0;0;leather;none;0;5;fist;4;4.75;0;0;0;325;0;0;95;
251;_human_magician_fist;rhand;false;0;0;0;leather;none;0;5;fist;4;4.75;0;0;0;325;0;0;95;
252;_orcish_shaman_fist;rhand;false;0;0;0;leather;none;0;10;fist;8;0;0;0;0;379;0;0;95;
253;spike_glove;lrhand;false;1590;0;0;leather;none;10;5;dualfist;4;4.75;0;0;0;325;0;6;95;
254;iron_glove;lrhand;false;1580;0;0;steel;none;13;5;dualfist;4;4.75;0;0;0;325;0;9;95;
255;fox's_nail;lrhand;false;1560;2;2;steel;none;21;5;dualfist;4;4.75;0;0;0;325;0;12;95;
256;cestus;lrhand;false;1570;2;2;steel;none;29;5;dualfist;4;4.75;0;0;0;325;0;17;95;
257;viper's_canine;lrhand;false;1560;2;2;steel;none;38;5;dualfist;4;4.75;0;0;0;325;0;21;90;
258;bagh-nakh;lrhand;true;1540;2;2;steel;d;49;5;dualfist;4;4.75;0;0;0;325;0;26;95;
259;single-edged_jamadhr;lrhand;true;1550;2;2;steel;d;62;5;dualfist;4;4.75;0;0;0;325;0;32;95;
260;triple-edged_jamadhr;lrhand;true;1540;2;2;fine_steel;d;78;5;dualfist;4;4.75;0;0;0;325;0;39;95;
261;bich'hwa;lrhand;true;1510;3;3;fine_steel;d;96;5;dualfist;4;4.75;0;0;0;325;0;47;95;
262;scallop_jamadhr;lrhand;true;1520;3;3;fine_steel;d;112;5;dualfist;4;4.75;0;0;0;325;0;54;95;
263;chakram;lrhand;true;1490;2;2;fine_steel;c;130;5;dualfist;4;4.75;0;0;0;325;0;61;95;
264;pata;lrhand;true;1440;1;1;fine_steel;b;204;5;dualfist;4;4.75;0;0;0;325;0;89;95;
265;fist_blade;lrhand;true;1480;3;3;fine_steel;c;169;5;dualfist;4;4.75;0;0;0;325;0;76;90;
266;great_pata;lrhand;true;1460;3;3;chrysolite;c;190;5;dualfist;4;4.75;0;0;0;325;0;83;95;
267;arthro_nail;lrhand;true;1420;1;1;blood_steel;b;213;5;dualfist;4;4.75;0;0;0;325;0;91;90;
268;bellion_cestus;lrhand;true;1390;1;1;mithril;b;236;5;dualfist;4;4.75;0;0;0;325;0;99;95;
269;blood_tornado;lrhand;true;1370;1;1;blood_steel;a;259;5;dualfist;4;4.75;0;0;0;325;0;107;95;
270;dragon_grinder;lrhand;true;1350;1;1;adamantaite;a;282;5;dualfist;4;4.75;0;0;0;325;0;114;95;
271;hunting_bow;lrhand;false;1910;6;2;wood;none;34;5;bow;12;-3.75;0;0;0;293;2;12;95;
272;bow_of_forest;lrhand;false;1900;7;2;wood;none;49;5;bow;12;-3.75;0;0;0;293;3;17;95;
273;composition_bow;lrhand;false;1880;7;2;steel;none;64;5;bow;12;-3.75;0;0;0;293;3;21;95;
274;strengthening_bow;lrhand;true;1870;6;2;steel;d;82;5;bow;12;-3.75;0;0;0;293;4;26;95;
275;long_bow;lrhand;true;1830;6;2;steel;d;115;5;bow;12;-3.75;0;0;0;227;4;35;95;
276;elven_bow;lrhand;true;1850;6;2;mithril;d;105;5;bow;12;-3.75;0;0;0;293;4;32;95;
277;dark_elven_bow;lrhand;true;1830;6;2;steel;d;105;5;bow;12;-3.75;0;0;0;293;4;32;95;
278;gastraphetes;lrhand;true;1840;8;2;fine_steel;d;132;5;bow;12;-3.75;0;0;0;293;5;39;95;
279;strengthening_long_bow;lrhand;true;1820;10;3;fine_steel;d;179;5;bow;12;-3.75;0;0;0;227;6;51;95;
280;cyclone_bow;lrhand;true;1810;10;3;fine_steel;d;191;5;bow;12;-3.75;0;0;0;293;6;54;95;
281;crystallized_ice_bow;lrhand;true;1790;8;2;crystal;c;220;5;bow;12;-3.75;0;0;0;293;7;61;95;
282;elemental_bow;lrhand;true;1770;8;2;fine_steel;c;277;5;bow;12;-3.75;0;0;0;227;8;75;95;
283;akat_long_bow;lrhand;true;1740;9;3;horn;c;315;5;bow;12;-3.75;0;0;0;227;8;83;95;
284;dark_elven_long_bow;lrhand;true;1720;3;1;oriharukon;b;397;5;bow;12;-3.75;0;0;0;227;9;100;95;
285;noble_elven_bow;lrhand;true;1760;8;2;mithril;c;252;5;bow;12;-3.75;0;0;0;293;8;68;97;
286;eminence_bow;lrhand;true;1720;10;3;chrysolite;c;323;5;bow;12;-3.75;0;0;0;293;9;83;97;
287;hazard_bow;lrhand;true;1700;3;1;blood_steel;b;400;5;bow;12;-3.75;0;0;0;293;10;99;97;
288;carnium_bow;lrhand;true;1670;2;1;damascus;a;440;5;bow;12;-3.75;0;0;0;293;10;107;85;
289;soul_bow;lrhand;true;1660;2;1;oriharukon;a;528;5;bow;12;-3.75;0;0;0;227;12;126;95;
290;shining_bow;lrhand;true;1650;1;1;adamantaite;s;519;5;bow;12;-3.75;0;0;0;293;12;121;95;
291;trident;lrhand;true;2100;2;2;bronze;d;40;10;pole;8;-3.75;0;0;0;325;0;26;95;
292;pike;lrhand;true;2090;2;2;steel;d;51;10;pole;8;-3.75;0;0;0;325;0;32;30;
293;war_hammer;lrhand;true;2080;2;2;fine_steel;d;64;10;pole;8;-3.75;0;0;0;325;0;39;95;
294;hammer_in_flames;lrhand;true;2050;3;3;fine_steel;d;79;10;pole;8;-3.75;0;0;0;325;0;47;95;
295;dwarven_trident;lrhand;true;2090;2;2;steel;d;51;10;pole;8;-3.75;0;0;0;325;0;32;30;
296;dwarven_pike;lrhand;true;2070;2;2;fine_steel;d;64;10;pole;8;-3.75;0;0;0;325;0;39;95;
297;glaive;lrhand;true;2050;3;3;fine_steel;d;92;10;pole;8;-3.75;0;0;0;325;0;54;95;
298;orcish_glaive;lrhand;true;2030;2;2;fine_steel;c;107;10;pole;8;-3.75;0;0;0;325;0;61;95;
299;orcish_poleaxe;lrhand;true;1950;3;3;blood_steel;c;156;10;pole;8;-3.75;0;0;0;325;0;83;95;
300;great_axe;lrhand;true;1940;1;1;damascus;b;175;10;pole;8;-3.75;0;0;0;325;0;91;95;
301;scorpion;lrhand;true;1990;3;3;fine_steel;c;144;10;pole;8;-3.75;0;0;0;325;0;78;95;
302;body_slasher;lrhand;true;2030;2;2;fine_steel;c;107;10;pole;8;-3.75;0;0;0;325;0;61;95;
303;widow_maker;lrhand;true;1980;3;3;fine_steel;c;144;10;pole;8;-3.75;0;0;0;325;0;78;95;
304;orcish_halbard;lrhand;true;1880;1;1;blood_steel;a;219;10;pole;8;-3.75;0;0;0;325;0;109;95;
305;tallum_glaive;lrhand;true;1840;1;1;chrysolite;a;232;10;pole;8;-3.75;0;0;0;325;0;114;95;
306;dragon_axe;lrhand;true;1820;1;1;bone;s;251;10;pole;8;-3.75;0;0;0;325;0;121;85;
307;aurakyria_lancia;lrhand;false;1800;1;1;adamantaite;s;269;10;pole;8;-3.75;0;0;0;325;0;128;95;
308;buffalo_horn;rhand;false;660;0;0;steel;none;6;10;etc;8;0;0;0;0;379;0;8;95;
309;tears_of_eva;rhand;false;630;2;2;steel;none;19;10;etc;8;0;0;0;0;379;0;22;95;
310;relic_of_saints;rhand;false;610;2;2;steel;none;19;10;etc;8;0;0;0;0;379;0;22;95;
311;crucifix_of_blessing;rhand;false;620;2;2;steel;none;25;10;etc;8;0;0;0;0;379;0;28;95;
312;branch_of_life;rhand;true;620;2;2;steel;d;32;10;etc;8;0;0;0;0;379;0;35;95;
313;temptation_of_abyss;rhand;true;610;2;2;steel;d;32;10;etc;8;0;0;0;0;379;0;35;95;
314;proof_of_revenge;rhand;true;600;2;2;steel;d;32;10;etc;8;0;0;0;0;379;0;35;95;
315;divine_tome;rhand;true;570;2;2;steel;d;41;10;etc;8;0;0;0;0;379;0;43;95;
316;blood_of_saints;rhand;true;580;2;2;steel;d;51;10;etc;8;0;0;0;0;379;0;52;95;
317;tome_of_blood;rhand;true;570;2;2;steel;d;51;10;etc;8;0;0;0;0;379;0;52;95;
318;crucifix_of_blood;rhand;true;540;3;3;steel;d;63;10;etc;8;0;0;0;0;379;0;63;95;
319;eye_of_infinity;rhand;true;1600;3;3;steel;d;63;10;etc;8;0;0;0;0;379;0;63;95;
320;blue_crystal_skull;rhand;true;1600;3;3;steel;d;67;10;etc;8;0;0;0;0;379;0;66;95;
321;demon_fangs;rhand;true;1600;3;3;steel;d;67;10;etc;8;0;0;0;0;379;0;66;95;
322;vajra_wands;rhand;true;1600;3;3;steel;d;74;10;etc;8;0;0;0;0;379;0;72;95;
323;ancient_reagent;rhand;true;1600;3;3;steel;d;74;10;etc;8;0;0;0;0;379;0;72;95;
324;tears_of_fairy;rhand;true;1600;2;2;steel;c;98;10;etc;8;0;0;0;0;379;0;91;95;
325;horn_of_glory;rhand;true;540;2;2;steel;c;98;10;etc;8;0;0;0;0;379;0;91;95;
326;heathen's_book;rhand;true;560;3;3;steel;c;111;10;etc;8;0;0;0;0;379;0;101;95;
327;hex_doll;rhand;true;1600;3;3;steel;c;111;10;etc;8;0;0;0;0;379;0;101;95;
328;candle_of_wisdom;rhand;true;1600;3;3;steel;c;125;10;etc;8;0;0;0;0;379;0;111;95;
329;blessed_branch;rhand;true;800;3;3;steel;c;125;10;etc;8;0;0;0;0;379;0;111;95;
330;phoenix's_feather;rhand;true;800;3;3;steel;c;125;10;etc;8;0;0;0;0;379;0;111;95;
331;cerberus's_eye;rhand;true;1600;3;3;steel;c;125;10;etc;8;0;0;0;0;379;0;111;95;
332;scroll_of_destruction;rhand;true;1600;3;3;steel;c;125;10;etc;8;0;0;0;0;379;0;111;95;
333;claws_of_blackdragon;rhand;true;1600;3;3;steel;c;125;10;etc;8;0;0;0;0;379;0;111;95;
334;three_eye_crow's_feather;rhand;true;1600;3;3;steel;c;125;10;etc;8;0;0;0;0;379;0;111;95;
335;soul_crystal;rhand;true;1600;1;1;steel;b;155;10;etc;8;0;0;0;0;379;0;132;95;
336;scroll_of_mana;rhand;true;1600;1;1;steel;b;170;10;etc;8;0;0;0;0;379;0;143;95;
337;scroll_of_massacre;rhand;true;1600;1;1;steel;b;170;10;etc;8;0;0;0;0;379;0;143;95;
338;wyvern's_skull;rhand;true;4800;1;1;steel;b;170;10;etc;8;0;0;0;0;379;0;143;95;
339;blood_crystal;rhand;true;1600;1;1;steel;b;170;10;etc;8;0;0;0;0;379;0;143;95;
340;horn_of_unicorn;rhand;true;1600;1;1;steel;b;170;10;etc;8;0;0;0;0;379;0;143;95;
341;forgotten_tome;rhand;true;1600;1;1;steel;a;186;10;etc;8;0;0;0;0;379;0;152;95;
342;enchanted_flute;rhand;true;1600;1;1;steel;a;186;10;etc;8;0;0;0;0;379;0;152;95;
343;headless_arrow;rhand;true;1600;1;1;steel;a;186;10;etc;8;0;0;0;0;379;0;152;95;
344;proof_of_overlord;rhand;true;1600;1;1;steel;a;186;10;etc;8;0;0;0;0;379;0;152;95;
345;deathbringer_sword;rhand;true;4800;1;1;steel;a;186;10;etc;8;0;0;0;0;379;0;152;95;
346;tears_of_fallen_angel;rhand;true;1600;1;1;steel;s;201;10;etc;8;0;0;0;0;379;0;162;95;
625;bone_shield;lhand;false;1380;0;0;bone;none;0;0;none;0;0;-8;90;20;0;0;0;90;
626;bronze_shield;lhand;true;1370;0;0;bronze;d;0;0;none;0;0;-8;101;20;0;0;0;90;
627;aspis;lhand;true;1350;0;0;steel;d;0;0;none;0;0;-8;114;20;0;0;0;90;
628;hoplon;lhand;true;1340;0;0;fine_steel;d;0;0;none;0;0;-8;128;20;0;0;0;90;
629;kite_shield;lhand;true;1320;0;0;fine_steel;d;0;0;none;0;0;-8;142;20;0;0;0;90;
630;square_shield;lhand;true;1310;0;0;fine_steel;d;0;0;none;0;0;-8;154;20;0;0;0;90;
631;eldarake;lhand;true;1290;0;0;fine_steel;c;0;0;none;0;0;-8;166;20;0;0;0;97;
632;knight_shield;lhand;true;1260;0;0;fine_steel;c;0;0;none;0;0;-8;178;20;0;0;0;90;
633;shrnoen's_shield;lhand;true;1210;0;0;mithril;b;0;0;none;0;0;-8;216;20;0;0;0;90;
634;dragon_shield;lhand;true;1170;0;0;bone;s;0;0;none;0;0;-8;269;20;0;0;0;100;
635;wolve's_shield;lhand;true;640;0;0;oriharukon;b;0;0;none;0;0;-8;216;20;0;0;0;90;
636;shining_dragon_shield;lhand;true;720;0;0;mithril;b;0;0;none;0;0;-8;230;20;0;0;0;90;
637;shield_of_valor;lhand;true;720;0;0;blood_steel;b;0;0;none;0;0;-8;230;20;0;0;0;90;
638;glorious_shield;lhand;true;800;0;0;fine_steel;b;0;0;none;0;0;-8;216;20;0;0;0;90;
639;red_flame_shield;lhand;true;960;0;0;blood_steel;b;0;0;none;0;0;-8;230;20;0;0;0;90;
640;elven_crystal_shield;lhand;true;720;0;0;crystal;b;0;0;none;0;0;-8;216;20;0;0;0;95;
641;dark_crystal_shield;lhand;true;1190;0;0;crystal;a;0;0;none;0;0;-8;243;20;0;0;0;95;
642;elven_vagian_shield;lhand;true;560;0;0;mithril;b;0;0;none;0;0;-8;216;20;0;0;0;95;
643;dark_vagian_shield;lhand;true;560;0;0;mithril;b;0;0;none;0;0;-8;230;20;0;0;0;95;
644;hell_shield;lhand;true;640;0;0;blood_steel;b;0;0;none;0;0;-8;230;20;0;0;0;90;
645;art_of_shield;lhand;true;560;0;0;chrysolite;b;0;0;none;0;0;-8;216;20;0;0;0;90;
646;silent_shield;lhand;true;640;0;0;damascus;b;0;0;none;0;0;-8;216;20;0;0;0;90;
647;gust_shield;lhand;true;720;0;0;blood_steel;b;0;0;none;0;0;-8;230;20;0;0;0;90;
648;prairie_shield;lhand;true;800;0;0;chrysolite;b;0;0;none;0;0;-8;216;20;0;0;0;90;
649;shield_of_underworld;lhand;true;880;0;0;damascus;b;0;0;none;0;0;-8;230;20;0;0;0;90;
650;shield_of_concentration;lhand;true;960;0;0;oriharukon;b;0;0;none;0;0;-8;216;20;0;0;0;90;
651;ace's_shield;lhand;true;1040;0;0;oriharukon;b;0;0;none;0;0;-8;230;20;0;0;0;90;
652;guardian's_shield;lhand;true;1120;0;0;mithril;b;0;0;none;0;0;-8;216;20;0;0;0;95;
653;sniper_shield;lhand;true;1200;0;0;leather;b;0;0;none;0;0;-8;230;20;0;0;0;95;
654;shield_of_mana;lhand;true;480;0;0;mithril;b;0;0;none;0;0;-8;216;20;0;0;0;90;
655;sage's_shield;lhand;true;560;0;0;steel;b;0;0;none;0;0;-8;230;20;0;0;0;90;
656;paradia_shield;lhand;true;480;0;0;chrysolite;b;0;0;none;0;0;-8;216;20;0;0;0;95;
657;inferno_shield;lhand;true;560;0;0;blood_steel;b;0;0;none;0;0;-8;230;20;0;0;0;95;
658;shield_of_black_ore;lhand;true;560;0;0;damascus;b;0;0;none;0;0;-8;230;20;0;0;0;90;
659;shield_of_summons;lhand;true;480;0;0;leather;b;0;0;none;0;0;-8;216;20;0;0;0;90;
660;another_world's_shield;lhand;true;560;0;0;adamantaite;b;0;0;none;0;0;-8;230;20;0;0;0;90;
661;elemental_shield;lhand;true;480;0;0;mithril;b;0;0;none;0;0;-8;216;20;0;0;0;95;
662;shield_of_phantom;lhand;true;560;0;0;oriharukon;b;0;0;none;0;0;-8;230;20;0;0;0;95;
663;shield_of_grace;lhand;true;480;0;0;mithril;b;0;0;none;0;0;-8;216;20;0;0;0;90;
664;shield_of_holy_spirit;lhand;true;560;0;0;chrysolite;b;0;0;none;0;0;-8;230;20;0;0;0;90;
665;phoenix's_shield;lhand;true;480;0;0;blood_steel;b;0;0;none;0;0;-8;216;20;0;0;0;90;
666;cerberus's_shield;lhand;true;560;0;0;damascus;b;0;0;none;0;0;-8;230;20;0;0;0;90;
667;shield_of_assistance;lhand;true;480;0;0;fine_steel;b;0;0;none;0;0;-8;216;20;0;0;0;90;
668;shield_of_blessing;lhand;true;560;0;0;adamantaite;b;0;0;none;0;0;-8;230;20;0;0;0;90;
669;flame_shield;lhand;true;480;0;0;blood_steel;b;0;0;none;0;0;-8;216;20;0;0;0;90;
670;braze_shield;lhand;true;560;0;0;chrysolite;b;0;0;none;0;0;-8;230;20;0;0;0;90;
671;blood_shield;lhand;true;480;0;0;blood_steel;b;0;0;none;0;0;-8;216;20;0;0;0;90;
672;absolute_shield;lhand;true;560;0;0;mithril;b;0;0;none;0;0;-8;230;20;0;0;0;90;
673;avadon_shield;lhand;true;480;0;0;damascus;b;0;0;none;0;0;-8;216;20;0;0;0;90;
674;divine_shield;lhand;true;560;0;0;adamantaite;b;0;0;none;0;0;-8;230;20;0;0;0;90;
738;sword_of_solidarity;rhand;false;1300;0;0;bronze;none;12;10;sword;8;0;0;0;0;379;0;9;100;
743;sword_of_sentinel;rhand;false;1300;0;0;steel;none;14;10;sword;8;0;0;0;0;379;0;11;100;
744;staff_of_sentinel;lrhand;false;1800;0;0;wood;none;13;20;blunt;4;4.75;0;0;0;325;0;14;100;
747;wand_of_adept;rhand;false;1300;0;0;wood;none;11;20;blunt;4;4.75;0;0;0;379;0;13;100;
748;gallins_oak_wand;lrhand;false;1350;0;0;wood;none;10;20;blunt;4;4.75;0;0;0;325;0;10;95;
749;gallins_oak_wand_spiritbound;lrhand;true;100;0;0;wood;d;21;20;blunt;4;4.75;0;0;0;325;0;32;95;
754;red_sunset_staff;lrhand;false;1700;0;0;wood;none;13;20;blunt;4;4.75;0;0;0;325;0;13;100;
945;skeleton_buckler;lhand;false;1400;0;0;wood;none;0;0;none;0;0;-8;69;20;0;0;0;90;
946;skeleton_dagger;rhand;false;1100;2;2;steel;none;16;5;dagger;12;-3.75;0;0;0;433;0;13;95;
975;bloodsaber;rhand;false;1450;0;0;oriharukon;none;14;10;sword;8;0;0;0;0;379;0;11;100;
981;red_sunset_sword;lrhand;false;1300;0;0;steel;none;16;10;sword;8;0;0;0;0;325;0;10;100;
989;eldritch_dagger;rhand;false;1130;0;0;steel;none;11;5;dagger;12;-3.75;0;0;0;433;0;10;100;
1142;rusted_bronze_sword3;rhand;false;1400;2;2;steel;none;18;10;sword;8;0;0;0;0;379;0;21;100;
1181;netis_bow;lrhand;false;1850;6;2;wood;none;45;5;bow;12;-3.75;0;0;0;293;3;16;100;
1182;netis_dagger;rhand;false;1000;2;2;steel;none;19;5;dagger;12;-3.75;0;0;0;433;0;16;100;
1213;guards_bow;lrhand;false;1800;7;2;steel;none;49;5;bow;12;-3.75;0;0;0;293;3;17;100;
1295;Kamex_sw01;rhand;false;200;2;2;fine_steel;none;22;10;sword;8;0;0;0;0;379;0;6;95;
1296;Kamex_sw02;rhand;false;300;2;2;steel;none;22;10;sword;8;0;0;0;0;379;0;6;95;
1297;Kamex_sw03;rhand;false;400;2;2;fine_steel;none;22;10;sword;8;0;0;0;0;379;0;6;95;
1298;Kamex_sw04;rhand;false;500;2;2;oriharukon;none;22;10;sword;8;0;0;0;0;379;0;6;90;
1299;Kamex_sw05;lrhand;false;500;3;3;steel;none;200;10;dual;8;0;0;0;0;325;0;6;95;
1300;Kamex_staff01;rhand;false;80;2;2;wood;none;22;20;blunt;4;4.75;0;0;0;379;0;6;95;
1301;Kamex_staff02;rhand;false;300;2;2;fine_steel;none;22;20;blunt;4;4.75;0;0;0;379;0;6;95;
1302;Kamex_staff03;lrhand;false;750;2;2;fine_steel;none;22;10;pole;8;-3.75;0;0;0;325;0;6;95;
1303;Kamex_staff04;lrhand;false;750;2;2;fine_steel;none;30000;10;pole;8;-3.75;0;0;0;325;0;6;95;
1304;Kamex_staff05;lrhand;false;150;2;2;oriharukon;none;15;20;blunt;4;4.75;0;0;0;325;0;17;95;
1305;Kamex_etcwp01;rhand;false;120;2;2;bronze;none;30000;5;dagger;12;-3.75;0;0;0;433;0;6;95;
1306;Kamex_etcwp02;rhand;false;100;2;2;chrysolite;none;22;5;dagger;12;-3.75;0;0;0;433;0;6;95;
1307;Kamex_etcwp03;lrhand;false;150;0;3;wood;none;120;5;bow;12;-3.75;0;0;0;293;9;6;95;
1328;Kamex_shd01;lhand;false;300;0;0;mithril;none;0;0;none;0;0;-8;71;20;0;0;0;90;
1329;Kamex_shd02;lhand;false;350;0;0;adamantaite;none;0;0;none;0;0;-8;71;20;0;0;0;90;
1330;Kamex_shd03;lhand;false;500;0;0;mithril;none;0;0;none;0;0;-8;71;20;0;0;0;90;
1331;Kamex_shd04;lhand;false;350;0;0;adamantaite;none;0;0;none;0;0;-8;71;20;0;0;0;90;
1332;Kamex_shd05;lhand;false;500;0;0;fine_steel;none;0;0;none;0;0;-8;71;20;0;0;0;90;
1333;brandish;lrhand;false;2250;2;2;steel;none;21;10;sword;8;0;0;0;0;325;0;12;95;
1376;guard_spear;lrhand;true;300;2;2;bronze;d;50;10;pole;8;-3.75;0;0;0;325;0;26;95;
1471;silenos_blowgun;rhand;true;25;0;0;steel;d;5;5;dagger;12;-3.75;0;0;0;433;0;5;95;
1472;dreadbane;lrhand;true;300;2;2;bronze;d;50;10;pole;8;-3.75;0;0;0;325;0;26;95;
1510;butcher;rhand;false;1450;0;0;steel;none;13;10;sword;8;0;0;0;0;379;0;10;100;
1511;silversmith_hammer;rhand;false;1860;0;0;steel;none;13;20;blunt;4;4.75;0;0;0;379;0;10;100;
1660;cursed_maingauche;rhand;true;1070;3;3;fine_steel;d;62;5;dagger;12;-3.75;0;0;0;433;0;42;95;
2368;training_gloves;lrhand;false;1580;0;0;cloth;none;7;5;dualfist;4;4.75;0;0;0;325;0;5;95;
2369;squire's_sword;rhand;false;1600;0;0;steel;none;6;10;sword;8;0;0;0;0;379;0;5;95;
2370;union_member's_club;rhand;false;1910;0;0;wood;none;6;20;blunt;4;4.75;0;0;0;379;0;5;95;
2371;fist_of_butcher;lrhand;false;1400;0;0;steel;none;16;5;dualfist;4;4.75;0;0;0;325;0;10;95;
2372;dagger_of_adept;rhand;false;1050;0;0;steel;none;11;5;dagger;12;-3.75;0;0;0;433;0;10;100;
2373;eldritch_staff;lrhand;false;1050;0;0;wood;none;13;20;blunt;4;4.75;0;0;0;325;0;13;100;
2374;red_sunset_dagger;rhand;false;1100;0;0;steel;none;11;5;dagger;12;-3.75;0;0;0;433;0;10;100;
2493;brigandine_shield;lhand;true;1320;0;0;leather;d;0;0;none;0;0;-8;142;20;0;0;0;90;
2494;plate_shield;lhand;true;1310;0;0;leather;d;0;0;none;0;0;-8;154;20;0;0;0;90;
2495;chain_shield;lhand;true;1280;0;0;leather;c;0;0;none;0;0;-8;166;20;0;0;0;90;
2496;dwarven_chain_shield;lhand;true;1280;0;0;leather;c;0;0;none;0;0;-8;174;20;0;0;0;90;
2497;full_plate_shield;lhand;true;1220;0;0;leather;c;0;0;none;0;0;-8;203;20;0;0;0;90;
2498;shield_of_nightmare;lhand;true;1180;0;0;leather;a;0;0;none;0;0;-8;256;20;0;0;0;90;
2499;elven_long_sword;rhand;true;1440;3;3;fine_steel;d;92;10;sword;8;0;0;0;0;379;0;54;95;
2500;dark_legion's_edge;rhand;true;1320;1;1;fine_steel;a;232;10;sword;8;0;0;0;0;379;0;114;95;
2501;bone_club;rhand;false;1850;2;2;fine_steel;none;24;20;blunt;4;4.75;0;0;0;379;0;17;95;
2502;dwarven_warhammer;rhand;true;1670;2;2;fine_steel;c;122;20;blunt;4;4.75;0;0;0;379;0;68;95;
2503;yaksa_mace;rhand;true;1640;3;3;fine_steel;c;156;20;blunt;4;4.75;0;0;0;379;0;83;95;
2504;meteor_shower;rhand;true;1600;1;1;fine_steel;a;213;20;blunt;4;4.75;0;0;0;379;0;107;95;
2505;iron_canine;rhand;false;100;2;2;steel;none;4;10;sword;8;0;0;0;0;277;0;5;95;
2507;lizardspear;rhand;false;25;0;0;steel;d;5;5;dagger;12;-3.75;0;0;0;433;0;5;95;
2516;saber*saber;lrhand;true;2530;2;2;fine_steel;d;73;10;dual;8;0;0;0;0;325;0;37;95;
2517;saber*bastard_sword;lrhand;true;2520;3;3;fine_steel;d;83;10;dual;8;0;0;0;0;325;0;41;95;
2518;saber*spinebone_sword;lrhand;true;2530;3;3;fine_steel;d;83;10;dual;8;0;0;0;0;325;0;41;95;
2519;saber*artisan's_sword;lrhand;true;2520;3;3;fine_steel;d;83;10;dual;8;0;0;0;0;325;0;41;95;
2520;saber*knight's_sword;lrhand;true;2510;3;3;fine_steel;d;83;10;dual;8;0;0;0;0;325;0;41;95;
2521;saber*crimson_sword;lrhand;true;2530;3;3;fine_steel;d;96;10;dual;8;0;0;0;0;325;0;47;95;
2522;saber*elven_sword;lrhand;true;2510;3;3;fine_steel;d;96;10;dual;8;0;0;0;0;325;0;47;95;
2523;saber*sword_of_revolution;lrhand;true;2420;2;2;fine_steel;c;118;10;dual;8;0;0;0;0;325;0;56;95;
2524;saber*elven_long_sword;lrhand;true;2420;2;2;fine_steel;c;130;10;dual;8;0;0;0;0;325;0;61;95;
2525;bastard_sword*bastard_sword;lrhand;true;2470;3;3;fine_steel;d;96;10;dual;8;0;0;0;0;325;0;47;95;
2526;bastard_sword*spinebone_sword;lrhand;true;2470;3;3;fine_steel;d;96;10;dual;8;0;0;0;0;325;0;47;95;
2527;bastard_sword*artisan's_sword;lrhand;true;2480;3;3;fine_steel;d;96;10;dual;8;0;0;0;0;325;0;47;95;
2528;bastard_sword*knight's_sword;lrhand;true;2500;3;3;fine_steel;d;96;10;dual;8;0;0;0;0;325;0;47;95;
2529;bastard_sword*crimson_sword;lrhand;true;2470;3;3;fine_steel;d;107;10;dual;8;0;0;0;0;325;0;51;95;
2530;bastard_sword*elven_sword;lrhand;true;2460;3;3;fine_steel;d;107;10;dual;8;0;0;0;0;325;0;51;95;
2531;bastard_sword*sword_of_revolution;lrhand;true;2450;2;2;fine_steel;c;124;10;dual;8;0;0;0;0;325;0;58;95;
2532;bastard_sword*elven_long_sword;lrhand;true;2430;2;2;fine_steel;c;136;10;dual;8;0;0;0;0;325;0;63;95;
2533;spinebone_sword*spinebone_sword;lrhand;true;2520;3;3;fine_steel;d;96;10;dual;8;0;0;0;0;325;0;47;95;
2534;spinebone_sword*artisan's_sword;lrhand;true;2460;3;3;fine_steel;d;96;10;dual;8;0;0;0;0;325;0;47;95;
2535;spinebone_sword*knight's_sword;lrhand;true;2470;3;3;fine_steel;d;96;10;dual;8;0;0;0;0;325;0;47;95;
2536;spinebone_sword*crimson_sword;lrhand;true;2520;3;3;fine_steel;d;107;10;dual;8;0;0;0;0;325;0;51;95;
2537;spinebone_sword*elven_sword;lrhand;true;2460;3;3;fine_steel;d;107;10;dual;8;0;0;0;0;325;0;51;95;
2538;spinebone_sword*sword_of_revolution;lrhand;true;2460;2;2;fine_steel;c;124;10;dual;8;0;0;0;0;325;0;58;95;
2539;spinebone_sword*elven_long_sword;lrhand;true;2390;2;2;fine_steel;c;136;10;dual;8;0;0;0;0;325;0;63;95;
2540;artisan's_sword*artisan's_sword;lrhand;true;2480;3;3;fine_steel;d;96;10;dual;8;0;0;0;0;325;0;47;95;
2541;artisan's_sword*knight's_sword;lrhand;true;2470;3;3;fine_steel;d;96;10;dual;8;0;0;0;0;325;0;47;95;
2542;artisan's_sword*crimson_sword;lrhand;true;2450;3;3;fine_steel;d;107;10;dual;8;0;0;0;0;325;0;51;95;
2543;artisan's_sword*elven_sword;lrhand;true;2470;3;3;fine_steel;d;107;10;dual;8;0;0;0;0;325;0;51;95;
2544;artisan's_sword*sword_of_revolution;lrhand;true;2420;2;2;fine_steel;c;124;10;dual;8;0;0;0;0;325;0;58;95;
2545;artisan's_sword*elven_long_sword;lrhand;true;2410;2;2;fine_steel;c;136;10;dual;8;0;0;0;0;325;0;63;95;
2546;knight's_sword*knight's_sword;lrhand;true;2460;3;3;fine_steel;d;96;10;dual;8;0;0;0;0;325;0;47;95;
2547;knight's_sword*crimson_sword;lrhand;true;2460;3;3;fine_steel;d;107;10;dual;8;0;0;0;0;325;0;51;95;
2548;knight's_sword*elven_sword;lrhand;true;2450;3;3;fine_steel;d;107;10;dual;8;0;0;0;0;325;0;51;95;
2549;knight's_sword*sword_of_revolution;lrhand;true;2430;2;2;fine_steel;c;124;10;dual;8;0;0;0;0;325;0;58;95;
2550;knight's_sword*elven_long_sword;lrhand;true;2370;2;2;fine_steel;c;136;10;dual;8;0;0;0;0;325;0;63;95;
2551;crimson_sword*crimson_sword;lrhand;true;2440;2;2;fine_steel;c;118;10;dual;8;0;0;0;0;325;0;56;95;
2552;crimson_sword*elven_sword;lrhand;true;2450;2;2;fine_steel;c;118;10;dual;8;0;0;0;0;325;0;56;95;
2553;crimson_sword*sword_of_revolution;lrhand;true;2390;2;2;fine_steel;c;136;10;dual;8;0;0;0;0;325;0;63;95;
2554;crimson_sword*elven_long_sword;lrhand;true;2360;2;2;fine_steel;c;148;10;dual;8;0;0;0;0;325;0;68;95;
2555;elven_sword*elven_sword;lrhand;true;2440;2;2;fine_steel;c;118;10;dual;8;0;0;0;0;325;0;56;95;
2556;elven_sword*sword_of_revolution;lrhand;true;2410;2;2;fine_steel;c;136;10;dual;8;0;0;0;0;325;0;63;95;
2557;elven_sword*elven_long_sword;lrhand;true;2410;2;2;fine_steel;c;148;10;dual;8;0;0;0;0;325;0;68;95;
2558;sword_of_revolution*sword_of_revolution;lrhand;true;2360;2;2;fine_steel;c;148;10;dual;8;0;0;0;0;325;0;68;95;
2559;sword_of_revolution*elven_long_sword;lrhand;true;2340;3;3;fine_steel;c;155;10;dual;8;0;0;0;0;325;0;70;95;
2560;elven_long_sword*elven_long_sword;lrhand;true;2340;3;3;fine_steel;c;162;10;dual;8;0;0;0;0;325;0;73;95;
2561;stormbringer*stormbringer;lrhand;true;2330;3;3;fine_steel;c;175;10;dual;8;0;0;0;0;325;0;78;95;
2562;stormbringer*shamshir;lrhand;true;2300;3;3;fine_steel;c;183;10;dual;8;0;0;0;0;325;0;81;95;
2563;stormbringer*katana;lrhand;true;2320;3;3;fine_steel;c;183;10;dual;8;0;0;0;0;325;0;81;95;
2564;stormbringer*spirits_sword;lrhand;true;2310;3;3;fine_steel;c;183;10;dual;8;0;0;0;0;325;0;81;95;
2565;stormbringer*raid_sword;lrhand;true;2340;3;3;fine_steel;c;183;10;dual;8;0;0;0;0;325;0;81;95;
2566;stormbringer*caliburs;lrhand;true;2260;1;1;fine_steel;b;197;10;dual;8;0;0;0;0;325;0;86;95;
2567;stormbringer*sword_of_limit;lrhand;true;2240;1;1;fine_steel;b;197;10;dual;8;0;0;0;0;325;0;86;95;
2568;stormbringer*sword_of_delusion;lrhand;true;2230;1;1;fine_steel;b;197;10;dual;8;0;0;0;0;325;0;86;95;
2569;stormbringer*sword_of_nightmare;lrhand;true;2250;1;1;fine_steel;b;197;10;dual;8;0;0;0;0;325;0;86;95;
2570;stormbringer*tsurugi;lrhand;true;2220;1;1;fine_steel;b;197;10;dual;8;0;0;0;0;325;0;86;95;
2571;stormbringer*samurai_longsword;lrhand;true;2150;1;1;fine_steel;b;213;10;dual;8;0;0;0;0;325;0;91;95;
2572;shamshir*shamshir;lrhand;true;2330;3;3;fine_steel;c;190;10;dual;8;0;0;0;0;325;0;83;95;
2573;shamshir*katana;lrhand;true;2310;3;3;fine_steel;c;190;10;dual;8;0;0;0;0;325;0;83;95;
2574;shamshir*spirits_sword;lrhand;true;2280;3;3;fine_steel;c;190;10;dual;8;0;0;0;0;325;0;83;95;
2575;shamshir*raid_sword;lrhand;true;2280;3;3;fine_steel;c;190;10;dual;8;0;0;0;0;325;0;83;95;
2576;shamshir*caliburs;lrhand;true;2230;1;1;fine_steel;b;204;10;dual;8;0;0;0;0;325;0;89;95;
2577;shamshir*sword_of_limit;lrhand;true;2240;1;1;fine_steel;b;204;10;dual;8;0;0;0;0;325;0;89;95;
2578;shamshir*sword_of_delusion;lrhand;true;2200;1;1;fine_steel;b;204;10;dual;8;0;0;0;0;325;0;89;95;
2579;shamshir*sword_of_nightmare;lrhand;true;2210;1;1;fine_steel;b;204;10;dual;8;0;0;0;0;325;0;89;95;
2580;shamshir*tsurugi;lrhand;true;2220;1;1;fine_steel;b;204;10;dual;8;0;0;0;0;325;0;89;95;
2581;shamshir*samurai_longsword;lrhand;true;2110;1;1;fine_steel;b;220;10;dual;8;0;0;0;0;325;0;94;95;
2582;katana*katana;lrhand;true;2270;3;3;fine_steel;c;190;10;dual;8;0;0;0;0;325;0;83;95;
2583;katana*spirits_sword;lrhand;true;2250;3;3;fine_steel;c;190;10;dual;8;0;0;0;0;325;0;83;95;
2584;katana*raid_sword;lrhand;true;2270;3;3;fine_steel;c;190;10;dual;8;0;0;0;0;325;0;83;95;
2585;katana*caliburs;lrhand;true;2220;1;1;fine_steel;b;204;10;dual;8;0;0;0;0;325;0;89;95;
2586;katana*sword_of_limit;lrhand;true;2180;1;1;fine_steel;b;204;10;dual;8;0;0;0;0;325;0;89;95;
2587;katana*sword_of_delusion;lrhand;true;2190;1;1;fine_steel;b;204;10;dual;8;0;0;0;0;325;0;89;95;
2588;katana*sword_of_nightmare;lrhand;true;2170;1;1;fine_steel;b;204;10;dual;8;0;0;0;0;325;0;89;95;
2589;katana*tsurugi;lrhand;true;2210;1;1;fine_steel;b;204;10;dual;8;0;0;0;0;325;0;89;95;
2590;katana*samurai_longsword;lrhand;true;2130;1;1;fine_steel;b;220;10;dual;8;0;0;0;0;325;0;94;95;
2591;spirits_sword*spirits_sword;lrhand;true;2240;3;3;fine_steel;c;190;10;dual;8;0;0;0;0;325;0;83;95;
2592;spirits_sword*raid_sword;lrhand;true;2260;3;3;fine_steel;c;190;10;dual;8;0;0;0;0;325;0;83;95;
2593;spirits_sword*caliburs;lrhand;true;2240;1;1;fine_steel;b;204;10;dual;8;0;0;0;0;325;0;89;95;
2594;spirits_sword*sword_of_limit;lrhand;true;2240;1;1;fine_steel;b;204;10;dual;8;0;0;0;0;325;0;89;95;
2595;spirits_sword*sword_of_delusion;lrhand;true;2250;1;1;fine_steel;b;204;10;dual;8;0;0;0;0;325;0;89;95;
2596;spirits_sword*sword_of_nightmare;lrhand;true;2250;1;1;fine_steel;b;204;10;dual;8;0;0;0;0;325;0;89;95;
2597;spirits_sword*tsurugi;lrhand;true;2220;1;1;fine_steel;b;204;10;dual;8;0;0;0;0;325;0;89;95;
2598;spirits_sword*samurai_longsword;lrhand;true;2110;1;1;fine_steel;b;220;10;dual;8;0;0;0;0;325;0;94;95;
2599;raid_sword*raid_sword;lrhand;true;2250;3;3;fine_steel;c;190;10;dual;8;0;0;0;0;325;0;83;95;
2600;raid_sword*caliburs;lrhand;true;2190;1;1;fine_steel;b;204;10;dual;8;0;0;0;0;325;0;89;95;
2601;raid_sword*sword_of_limit;lrhand;true;2170;1;1;fine_steel;b;204;10;dual;8;0;0;0;0;325;0;89;95;
2602;raid_sword*sword_of_delusion;lrhand;true;2180;1;1;fine_steel;b;204;10;dual;8;0;0;0;0;325;0;89;95;
2603;raid_sword*sword_of_nightmare;lrhand;true;2170;1;1;fine_steel;b;204;10;dual;8;0;0;0;0;325;0;89;95;
2604;raid_sword*tsurugi;lrhand;true;2170;1;1;fine_steel;b;204;10;dual;8;0;0;0;0;325;0;89;95;
2605;raid_sword*samurai_longsword;lrhand;true;2130;1;1;fine_steel;b;220;10;dual;8;0;0;0;0;325;0;94;95;
2606;caliburs*caliburs;lrhand;true;2140;1;1;fine_steel;b;213;10;dual;8;0;0;0;0;325;0;91;95;
2607;caliburs*sword_of_limit;lrhand;true;2150;1;1;fine_steel;b;213;10;dual;8;0;0;0;0;325;0;91;95;
2608;caliburs*sword_of_delusion;lrhand;true;2140;1;1;fine_steel;b;213;10;dual;8;0;0;0;0;325;0;91;95;
2609;caliburs*sword_of_nightmare;lrhand;true;2170;1;1;fine_steel;b;213;10;dual;8;0;0;0;0;325;0;91;95;
2610;caliburs*tsurugi;lrhand;true;2150;1;1;fine_steel;b;213;10;dual;8;0;0;0;0;325;0;91;95;
2611;caliburs*samurai_longsword;lrhand;true;2120;1;1;fine_steel;b;228;10;dual;8;0;0;0;0;325;0;97;95;
2612;sword_of_limit*sword_of_limit;lrhand;true;2140;1;1;fine_steel;b;213;10;dual;8;0;0;0;0;325;0;91;95;
2613;sword_of_limit*sword_of_delusion;lrhand;true;2140;1;1;fine_steel;b;213;10;dual;8;0;0;0;0;325;0;91;95;
2614;sword_of_limit*sword_of_nightmare;lrhand;true;2130;1;1;fine_steel;b;213;10;dual;8;0;0;0;0;325;0;91;95;
2615;sword_of_limit*tsurugi;lrhand;true;2120;1;1;fine_steel;b;213;10;dual;8;0;0;0;0;325;0;91;95;
2616;sword_of_limit*samurai_longsword;lrhand;true;2100;1;1;fine_steel;b;228;10;dual;8;0;0;0;0;325;0;97;95;
2617;sword_of_delusion*sword_of_delusion;lrhand;true;2150;1;1;fine_steel;b;213;10;dual;8;0;0;0;0;325;0;91;95;
2618;sword_of_delusion*sword_of_nightmare;lrhand;true;2130;1;1;fine_steel;b;213;10;dual;8;0;0;0;0;325;0;91;95;
2619;sword_of_delusion*tsurugi;lrhand;true;2140;1;1;fine_steel;b;213;10;dual;8;0;0;0;0;325;0;91;95;
2620;sword_of_delusion*samurai_longsword;lrhand;true;2110;1;1;fine_steel;b;228;10;dual;8;0;0;0;0;325;0;97;95;
2621;sword_of_nightmare*sword_of_nightmare;lrhand;true;2130;1;1;fine_steel;b;213;10;dual;8;0;0;0;0;325;0;91;95;
2622;sword_of_nightmare*tsurugi;lrhand;true;2140;1;1;fine_steel;b;213;10;dual;8;0;0;0;0;325;0;91;95;
2623;sword_of_nightmare*samurai_longsword;lrhand;true;2080;1;1;fine_steel;b;228;10;dual;8;0;0;0;0;325;0;97;95;
2624;tsurugi*tsurugi;lrhand;true;2120;1;1;fine_steel;b;213;10;dual;8;0;0;0;0;325;0;91;95;
2625;tsurugi*samurai_longsword;lrhand;true;2090;1;1;fine_steel;b;228;10;dual;8;0;0;0;0;325;0;97;95;
2626;samurai_longsword*samurai_longsword;lrhand;true;2080;1;1;fine_steel;b;236;10;dual;8;0;0;0;0;325;0;99;95;
2915;__old_knight_sword;rhand;false;3200;2;2;fine_steel;none;24;10;sword;8;0;0;0;0;379;0;17;95;
3026;talins_spear;lrhand;false;800;2;2;steel;none;24;10;pole;8;-3.75;0;0;0;325;0;17;95;
3027;old_knight_sword;lrhand;false;2100;2;2;steel;none;29;10;sword;8;0;0;0;0;325;0;17;95;
3028;crescent_moon_bow;lrhand;false;600;6;2;wood;none;34;5;bow;12;-3.75;0;0;0;293;2;12;95;
3029;sword_of_binding;rhand;false;1200;2;2;steel;none;17;10;sword;8;0;0;0;0;379;0;12;95;
3439;shining_canine;rhand;false;100;2;2;steel;none;7;10;sword;8;0;0;0;0;277;0;8;95;
3471;q_cybellins_dagger;rhand;false;400;0;0;steel;none;10;5;dagger;12;-3.75;0;0;0;433;0;9;30;
3902;ghost_canine;rhand;false;100;2;2;steel;none;11;10;sword;8;0;0;0;0;277;0;10;95;
3903;mithril_canine;rhand;false;100;2;2;steel;none;16;10;sword;8;0;0;0;0;277;0;14;95;
3904;sylvan_canine;rhand;false;100;2;2;steel;none;23;10;sword;8;0;0;0;0;277;0;18;95;
3905;orikarukon_canine;rhand;false;100;2;2;steel;none;31;10;sword;8;0;0;0;0;277;0;24;95;
3906;fang_of_saltydog;rhand;false;100;2;2;steel;none;40;10;sword;8;0;0;0;0;277;0;30;95;
3907;fang_of_cerberus;rhand;false;100;2;2;steel;none;49;10;sword;8;0;0;0;0;277;0;36;95;
3908;fang_of_coyote;rhand;false;100;2;2;steel;none;58;10;sword;8;0;0;0;0;277;0;42;95;
3909;crystalized_ice_canine;rhand;false;100;2;2;steel;none;69;10;sword;8;0;0;0;0;277;0;50;95;
3910;fang_of_bluewolf;rhand;false;100;2;2;steel;none;80;10;sword;8;0;0;0;0;277;0;58;95;
3911;fang_of_fenril;rhand;false;100;2;2;steel;none;93;10;sword;8;0;0;0;0;277;0;66;95;
3919;serpent_fang;rhand;false;100;2;2;steel;none;8;10;sword;8;0;0;0;0;277;0;7;95;
3920;viperbite;rhand;false;100;2;2;steel;none;9;10;sword;8;0;0;0;0;277;0;10;95;
3921;shadow_fang;rhand;false;100;2;2;steel;none;10;10;sword;8;0;0;0;0;277;0;11;95;
3922;alya_fang;rhand;false;100;2;2;steel;none;12;10;sword;8;0;0;0;0;277;0;13;95;
3923;torturer;rhand;false;100;2;2;steel;none;13;10;sword;8;0;0;0;0;277;0;16;95;
3924;unuk_alhay_fang;rhand;false;100;2;2;steel;none;15;10;sword;8;0;0;0;0;277;0;18;95;
3925;antiplaque;rhand;false;100;2;2;steel;none;17;10;sword;8;0;0;0;0;277;0;21;95;
3937;giant_bar;lrhand;true;300;2;2;bronze;d;50;10;pole;8;-3.75;0;0;0;325;0;26;95;
3938;giant_rod;lrhand;true;300;2;2;bronze;d;50;10;pole;8;-3.75;0;0;0;325;0;26;95;
3939;ladys_fan;lrhand;true;300;2;2;bronze;d;50;10;pole;8;-3.75;0;0;0;325;0;26;95;
4027;bouquet;rhand;false;0;0;0;paper;none;8;10;sword;8;0;0;0;0;379;0;6;95;
4028;giant_cannon;rhand;true;25;0;0;steel;d;5;5;dagger;12;-3.75;0;0;0;433;0;5;95;
4202;chrono_cithara;rhand;false;0;0;0;steel;none;1;1;sword;1;-25;0;0;0;379;0;1;95;
4219;dream_sword;rhand;true;1530;2;2;bronze;none;31;10;sword;8;0;0;0;0;379;0;21;95;
4220;dream_knife;rhand;true;1110;2;2;steel;none;27;5;dagger;12;-3.75;0;0;0;433;0;21;95;
4221;ubiquitous_axe;rhand;true;1850;2;2;steel;none;31;20;blunt;4;4.75;0;0;0;379;0;21;95;
4222;dream_shield;lhand;true;1380;0;0;bone;none;0;0;none;0;0;-8;90;20;0;0;0;90;
4223;ubiquitous_shield;lhand;true;1380;0;0;bone;none;0;0;none;0;0;-8;90;20;0;0;0;90;
